feature_1;feature_2;feature_3;feature_4;feature_5;feature_6;feature_7;feature_8;feature_9;feature_10;feature_11;feature_12;feature_13;feature_14;feature_15;feature_16;feature_17;feature_18;feature_19;feature_20;feature_21;feature_22;feature_23;feature_24;feature_25;feature_26;feature_27;feature_28;feature_29;feature_30;feature_31;feature_32;feature_33;feature_34;feature_35;feature_36;Name;semester;attendance_percentage;father_name;father_mobile;reason_for_sem_back;Gender;Target
0;9;11.45;59.72;72.85;1;0;11.06;46.49;73.69;0;1;15.07;42.96;58.14;43.05;43.01;53.63;21.3;24.13;41.57;34.81;54.71;36.38;28.82;71.98;46.61;51.01;28.63;41.83;51.66;32.74;55.64;40.99;45.62;40.97;Vicky Gupta;1;81.0;Sunita Iyer;9362950628;Low attendance;Male;Enrolled
1;0;11.95;34.13;62.34;0;6;7.12;53.13;20.6;1;4;6.69;52.95;61.08;52.57;48.27;45.48;27.82;39.2;43.09;65.86;55.15;23.55;54.86;44.22;39.85;59.18;65.46;63.97;37.41;45.36;54.97;64.63;42.81;47.22;Saanvi Das;1;97.2;Karan Reddy;9868820204;Moved abroad;Female;Graduate
1;0;7.22;62.19;70.34;1;8;11.71;65.05;55.42;0;6;9.42;55.42;73.07;49.46;73.47;10.7;62.33;51.31;45.51;51.38;20.19;46.7;55.36;72.17;42.23;37.87;42.47;63.73;54.93;42.05;57.7;51.46;64.53;39.47;Sai Reddy;6;61.7;Arjun Patel;9507943839;Health problems;Female;Enrolled
0;10;10.43;28.05;54.44;0;4;13.04;50.08;46.48;0;3;6.34;43.69;44.86;37.97;47.58;56.06;78.29;52.62;53.86;48.88;21.22;49.6;50.9;86.95;47.11;54.52;49.48;32.47;67.14;61.28;61.87;36.36;71.04;28.97;Aditya Ghosh;5;71.1;Arun Bose;9488302652;Part-time job;Male;Enrolled
0;10;20.0;35.14;41.51;1;10;12.4;42.45;26.74;0;9;12.27;34.07;57.1;36.21;73.25;38.25;45.17;62.2;31.54;53.41;69.61;25.89;52.77;53.9;61.73;31.45;30.19;57.83;54.45;53.76;55.2;39.8;53.48;54.4;Nikhil Gupta;7;82.0;Priya Thomas;9782560971;Transfer to another college;Male;Graduate
0;3;19.46;57.11;32.13;0;5;14.63;35.38;61.81;1;4;16.63;37.69;64.45;56.19;62.33;78.45;46.32;38.69;36.66;37.76;48.84;55.12;54.15;62.41;50.2;71.8;46.03;90.8;59.39;37.14;33.94;57.24;46.65;60.71;Vicky Singh;4;66.4;Ananya Thomas;9507437181;Academic difficulty;Male;Dropout
0;3;11.71;37.3;27.28;1;9;10.21;62.85;53.21;1;9;7.02;52.6;55.78;36.74;52.31;50.87;32.86;55.37;58.41;66.25;65.81;29.33;35.93;57.73;57.71;57.73;107.79;58.56;67.03;64.31;59.77;45.27;61.38;38.41;Aditya Reddy;6;80.7;Saanvi Dutta;9524806516;Moved abroad;Female;Graduate
0;10;10.06;51.23;84.72;0;10;4.53;60.29;25.81;1;9;10.11;66.33;50.96;33.83;39.27;60.19;39.04;53.25;50.68;40.23;82.16;59.51;19.62;52.8;40.07;62.79;38.11;48.28;57.57;62.99;32.0;44.98;42.88;40.2;Neha Joshi;4;72.2;Sai Roy;9629908599;Health problems;Male;Enrolled
0;10;13.62;31.09;63.77;1;10;20.0;65.49;27.21;1;1;10.06;69.0;39.38;56.66;61.62;36.1;49.11;1.38;34.63;46.21;31.28;74.49;28.55;43.4;51.96;71.62;28.46;67.45;50.15;35.28;56.93;52.99;41.0;51.05;Aditya Nair;7;96.2;Ankit Thomas;9668132202;Academic difficulty;Male;Dropout
0;8;12.45;59.93;73.79;0;10;7.05;82.0;20.72;1;10;11.39;58.82;54.21;40.66;46.88;42.6;41.16;62.74;55.36;39.61;63.49;54.61;62.19;59.44;37.57;41.6;61.21;59.16;49.69;51.76;69.16;41.13;58.21;46.97;Kavya Mehta;3;70.4;Sakshi Sharma;9875340444;Disciplinary issues;Female;Enrolled
1;0;16.4;62.38;62.2;0;5;17.22;50.32;60.23;1;3;10.76;54.86;48.05;51.45;58.93;37.73;81.39;34.91;31.79;67.37;61.87;59.36;59.43;49.82;36.54;51.14;39.84;64.63;47.79;37.62;45.18;56.19;41.54;37.67;Deepak Bose;4;72.4;Sai Joshi;9918739736;Family responsibilities;Male;Dropout
1;8;12.98;42.4;42.93;0;4;12.93;28.28;28.89;1;3;9.13;46.8;54.66;72.13;62.86;47.6;49.71;34.96;49.72;45.67;54.84;37.59;57.79;72.99;48.37;56.03;60.35;43.98;53.36;50.19;51.47;38.4;50.37;57.47;Vivaan Das;2;77.9;Aditya Dutta;9976198296;Health problems;Male;Graduate
1;1;15.84;82.3;38.49;0;3;15.49;52.75;82.85;0;5;8.77;37.4;41.01;18.14;42.11;38.61;52.26;55.13;78.14;64.26;41.35;36.52;57.38;30.2;77.47;67.69;42.96;24.3;70.31;48.28;68.57;26.08;41.01;50.08;Ayesha Ghosh;4;92.4;Ramesh Jain;9528414718;Moved abroad;Female;Graduate
0;5;10.2;59.34;33.99;0;8;11.43;51.8;57.72;0;4;14.85;33.13;26.99;69.17;54.98;38.77;73.27;51.74;67.69;51.01;80.91;76.33;46.27;64.57;59.68;70.53;35.53;60.29;65.88;23.62;32.25;19.41;45.96;60.76;Aarav Chowdhury;4;75.6;Simran Das;9107721109;Health problems;Male;Graduate
1;6;12.3;74.43;29.3;0;1;5.19;49.17;55.76;0;10;11.87;18.99;48.66;30.43;60.05;55.5;35.9;42.29;34.11;49.06;64.33;35.21;57.56;42.05;38.11;48.39;34.47;41.7;32.03;79.47;50.53;39.5;53.21;48.32;Manish Dutta;4;93.0;Karan Kumar;9876693898;Part-time job;Female;Graduate
1;1;14.46;61.36;42.04;0;3;9.7;45.87;15.47;0;8;5.94;70.5;74.67;46.26;58.65;54.67;96.18;66.79;48.08;35.67;25.9;53.05;38.65;28.67;40.3;33.78;75.31;63.22;49.88;72.2;51.16;37.08;72.85;58.08;Pooja Joshi;7;72.3;Pooja Thomas;9882839238;Financial issues;Male;Graduate
0;0;11.24;36.87;29.26;0;1;15.7;78.64;29.02;0;2;14.25;40.24;42.69;41.11;37.04;50.73;37.54;54.06;49.25;46.42;36.39;41.35;61.33;57.51;35.34;51.49;61.27;24.96;58.15;40.06;58.56;38.55;22.93;25.59;Sakshi Kumar;7;62.6;Ananya Iyer;9596743109;Low attendance;Male;Graduate
1;4;13.04;36.44;59.58;1;4;5.35;49.01;31.83;1;8;9.39;50.71;37.09;44.23;65.09;41.35;62.54;33.05;57.95;71.62;12.93;38.05;58.66;46.95;55.57;40.94;51.3;47.66;67.52;53.82;55.06;43.82;42.69;43.51;Pooja Dutta;8;75.6;Saanvi Nair;9162959284;Family responsibilities;Female;Graduate
0;0;10.32;54.35;81.13;1;8;15.48;45.11;68.02;0;0;10.37;19.43;34.88;21.94;44.73;50.28;75.15;54.9;46.71;62.44;16.83;53.53;61.56;27.82;67.16;55.08;43.77;59.49;84.06;52.73;53.72;43.11;37.25;62.46;Manish Dutta;3;79.7;Saanvi Jain;9333754555;Financial issues;Male;Enrolled
0;9;12.29;42.84;57.18;0;9;13.33;65.56;42.35;0;6;10.92;35.32;43.34;55.66;61.35;36.17;63.04;70.33;56.2;78.15;38.39;31.33;23.32;72.44;59.82;49.17;54.2;33.12;86.69;51.94;51.64;60.89;57.22;53.36;Deepak Patel;3;64.7;Aditya Bose;9172972420;Moved abroad;Male;Graduate
1;2;13.89;78.23;70.18;1;7;18.37;42.33;35.16;1;1;11.5;50.84;66.41;24.61;72.94;47.63;43.6;34.82;25.18;62.35;51.1;30.65;30.57;44.96;75.04;46.11;27.45;46.31;45.91;9.55;49.19;46.54;60.44;77.73;Manish Chowdhury;6;65.5;Ayesha Iyer;9319321646;Moved abroad;Female;Graduate
1;1;10.92;33.4;88.6;0;5;12.24;50.21;49.64;1;2;12.79;47.83;41.4;41.8;49.51;41.85;39.31;51.6;46.18;72.56;10.24;66.37;68.69;18.9;44.86;44.43;28.89;38.33;33.34;76.28;64.04;69.07;60.83;33.06;Aarav Thomas;2;88.5;Aditya Ghosh;9328872698;Failed semester;Female;Graduate
0;2;13.96;31.67;60.69;1;1;11.04;44.38;60.66;0;8;13.78;44.59;67.39;33.78;59.24;58.9;45.36;54.89;31.23;63.86;47.23;42.16;65.74;39.43;28.87;26.65;59.09;30.79;76.32;18.77;75.45;53.17;48.55;41.83;Sakshi Ghosh;5;68.7;Ankit Roy;9108399996;Moved abroad;Female;Enrolled
1;8;11.85;66.55;51.71;1;4;12.6;44.55;49.15;0;1;13.23;24.35;29.78;61.15;52.56;47.24;50.28;55.21;41.9;38.33;52.94;35.32;56.12;24.46;65.44;57.09;53.84;64.74;74.98;65.22;22.39;30.81;40.63;50.39;Sai Iyer;5;79.8;Ankit Reddy;9870530217;Transfer to another college;Male;Dropout
1;2;9.1;52.8;38.67;1;8;9.55;28.9;36.15;1;8;6.59;35.36;65.8;35.76;89.49;57.4;52.77;37.12;60.5;41.37;51.83;88.4;48.56;67.24;39.45;49.48;76.56;40.6;77.19;60.62;41.56;59.49;64.59;59.33;Vicky Mehta;5;81.2;Vivaan Sharma;9458153605;COVID-19 related;Male;Dropout
0;6;9.09;46.29;48.88;0;0;14.48;52.67;29.97;1;5;13.52;59.16;58.4;66.21;62.51;56.89;48.95;25.09;56.44;53.12;54.07;30.85;33.78;65.8;49.41;60.22;50.42;50.45;64.07;42.26;51.44;43.07;43.48;45.36;Aarav Gupta;2;56.2;Varun Kumar;9685823118;Financial issues;Female;Dropout
1;9;10.09;68.84;36.58;0;3;11.25;43.4;71.7;0;2;12.79;65.48;27.72;54.01;63.34;51.23;65.98;42.24;71.14;84.48;44.56;43.32;71.8;73.69;42.16;43.7;45.77;29.83;36.22;34.94;38.48;49.48;53.51;73.26;Varun Verma;6;77.7;Saanvi Das;9816114302;Health problems;Female;Enrolled
0;6;15.94;46.79;49.26;0;7;14.7;33.16;55.74;0;3;12.67;57.39;54.34;86.83;40.43;42.04;40.65;41.67;40.44;67.84;71.31;41.44;37.51;57.07;41.72;59.49;53.04;27.26;73.21;76.94;40.81;44.18;54.29;55.02;Varun Mehta;1;63.0;Ananya Khan;9940081098;Personal reasons;Male;Graduate
1;1;20.0;47.35;38.03;1;5;6.48;39.04;49.5;1;10;19.18;42.24;53.36;49.75;67.83;87.9;42.04;42.66;65.66;60.23;77.7;58.76;44.61;58.86;66.63;62.31;57.61;66.0;67.54;70.73;59.73;47.49;52.2;68.1;Arun Thomas;6;82.9;Kavya Das;9339362341;Financial issues;Male;Graduate
1;5;13.47;44.1;50.43;1;6;17.11;52.87;50.7;0;6;6.56;61.19;59.68;82.45;45.38;53.29;53.74;73.66;48.57;54.19;59.12;52.8;43.3;52.91;66.1;34.6;51.99;39.5;67.93;27.15;41.62;55.66;73.48;49.01;Arun Ghosh;6;65.2;Aarav Gupta;9380477683;Family responsibilities;Female;Graduate
0;5;19.52;28.28;17.02;1;1;13.76;42.47;34.68;1;9;14.83;53.66;41.54;30.8;63.09;59.75;48.51;77.7;33.95;27.12;39.62;49.32;53.65;46.38;55.28;31.23;71.66;48.77;66.76;55.14;56.85;58.55;56.72;59.64;Varun Chowdhury;4;68.3;Priya Verma;9861052404;Personal reasons;Male;Dropout
1;8;12.79;60.64;48.65;0;3;17.76;39.85;77.01;1;10;11.84;28.54;51.92;39.78;62.61;40.21;43.31;21.66;43.22;13.64;26.24;61.41;61.79;56.38;35.5;49.28;49.95;32.62;72.55;63.16;46.69;50.4;53.13;19.37;Rahul Gupta;5;90.9;Deepak Jain;9816070802;Personal reasons;Female;Graduate
1;9;9.27;34.98;45.78;1;7;19.19;59.61;41.43;1;7;14.29;70.99;63.87;50.89;40.3;60.47;55.9;63.43;59.53;65.74;41.97;69.76;52.96;81.13;39.66;76.04;52.97;40.23;42.74;45.19;56.36;57.84;41.39;49.63;Neha Singh;5;72.0;Neha Ghosh;9995205588;Financial issues;Female;Graduate
1;1;18.91;56.54;50.57;0;10;12.48;59.2;34.66;1;3;10.97;24.97;55.99;59.71;42.75;73.61;31.61;28.03;53.37;65.71;75.26;43.12;66.18;49.42;47.41;63.25;59.78;26.35;72.15;70.7;40.62;55.94;57.41;53.91;Manish Reddy;8;100.0;Meera Singh;9807435606;Health problems;Female;Dropout
0;6;9.31;49.62;67.59;1;6;14.17;44.44;61.58;0;2;0.61;67.23;23.9;44.56;33.2;30.58;67.41;42.98;55.2;49.3;57.16;51.15;30.76;64.94;42.59;26.65;43.58;72.51;62.75;44.77;44.76;45.18;81.15;55.73;Meera Reddy;3;68.4;Aarav Verma;9362897676;Lack of interest;Male;Graduate
0;1;16.12;53.58;46.11;1;2;11.21;48.93;49.44;1;10;14.91;50.78;60.99;48.79;51.18;20.03;63.74;55.2;64.97;6.56;81.33;47.91;66.62;34.4;59.19;34.2;40.64;78.71;47.14;53.26;63.05;57.44;52.26;55.47;Vicky Sharma;2;80.2;Anju Mehta;9334978881;Family responsibilities;Female;Graduate
1;2;11.77;53.02;65.76;1;7;16.42;67.81;59.58;1;3;7.43;74.5;32.8;54.54;38.69;49.04;54.93;54.82;56.33;74.21;56.8;46.34;64.46;67.84;31.59;58.96;60.52;45.54;70.64;47.75;51.88;47.4;50.23;33.56;Deepak Ghosh;6;100.0;Anju Thomas;9757830420;Disciplinary issues;Female;Enrolled
0;4;18.38;37.3;35.13;1;5;3.39;40.42;30.15;0;2;18.57;65.15;39.68;83.79;64.73;45.13;12.51;84.36;29.16;25.32;65.34;86.6;70.76;58.46;58.92;62.8;61.38;54.22;51.56;49.06;38.69;45.79;24.61;48.52;Arun Iyer;8;57.7;Vicky Das;9394846763;Lack of interest;Male;Enrolled
1;8;7.59;52.7;70.88;1;6;15.67;26.44;35.16;0;3;15.76;35.26;46.63;58.25;35.47;51.58;29.99;40.98;54.8;26.11;56.61;49.71;58.29;53.36;70.46;51.88;43.56;51.83;58.15;50.73;50.61;39.47;40.06;28.96;Sai Das;7;63.1;Ramesh Kumar;9858511779;Low attendance;Male;Graduate
1;4;7.02;39.61;39.22;1;6;15.58;45.58;68.72;0;7;9.31;54.18;37.47;82.18;32.19;54.65;59.51;56.21;47.22;48.05;50.66;47.79;64.46;83.16;41.64;29.45;48.68;88.7;37.94;74.59;75.17;41.7;58.53;74.43;Arun Mehta;7;96.0;Varun Chowdhury;9846812123;Financial issues;Female;Graduate
1;2;11.19;41.27;34.78;0;6;9.4;31.64;50.51;0;1;8.92;53.51;26.66;54.96;62.5;20.09;55.61;68.42;31.86;75.09;56.29;39.42;49.16;58.37;51.14;58.08;36.19;52.54;28.79;48.33;36.44;38.97;68.54;66.37;Isha Iyer;7;70.5;Riya Sharma;9517532243;Transfer to another college;Female;Enrolled
0;7;7.63;45.25;68.2;1;5;12.57;84.79;55.9;1;4;12.77;45.36;52.0;47.71;60.62;64.35;38.21;30.03;22.46;57.62;33.45;17.71;55.83;87.39;49.91;62.58;51.23;48.52;63.79;45.65;54.01;54.83;39.98;64.88;Vicky Mehta;3;82.3;Nikhil Thomas;9295130056;Financial issues;Female;Graduate
1;3;8.98;58.05;36.52;0;10;12.11;49.86;66.29;0;0;13.9;49.62;62.27;70.85;58.37;50.16;30.32;34.02;45.42;40.86;47.2;50.85;57.95;48.94;57.3;50.97;20.37;35.91;47.84;31.85;59.0;72.96;68.28;46.8;Anju Mehta;5;72.9;Arun Patel;9604988121;Financial issues;Male;Enrolled
0;7;12.59;44.94;40.8;1;5;10.79;44.18;52.56;0;9;12.64;50.05;56.55;67.86;64.24;27.73;11.69;64.01;29.5;46.63;32.45;22.97;58.12;61.39;41.35;11.13;41.81;55.88;27.82;52.75;49.77;58.69;51.79;35.4;Isha Reddy;1;92.9;Ankit Kumar;9356135680;Family responsibilities;Female;Dropout
1;6;11.37;49.59;36.0;0;1;10.23;36.73;47.41;0;1;18.85;29.42;25.8;72.07;46.86;39.96;65.6;40.92;77.39;60.17;42.68;82.36;40.91;61.13;54.49;69.53;73.42;50.48;38.7;56.9;39.83;80.2;52.05;44.52;Ankit Gupta;3;89.4;Kavya Gupta;9721358005;Financial issues;Female;Dropout
1;1;6.61;35.43;68.01;1;0;9.37;34.3;58.05;1;7;16.74;60.78;64.94;38.65;28.67;72.52;45.16;46.24;69.92;58.34;56.84;82.48;40.35;63.92;50.86;54.03;72.93;57.62;58.07;66.09;44.53;37.41;34.33;20.5;Ramesh Jain;2;77.2;Meera Chowdhury;9940348305;Financial issues;Female;Dropout
1;9;7.59;46.68;45.85;1;7;13.23;62.24;62.91;1;9;9.67;47.49;54.24;46.27;74.11;57.36;61.02;59.94;67.6;52.72;30.55;56.0;40.23;42.07;58.8;68.57;50.32;54.63;75.53;53.61;89.03;58.48;23.59;61.3;Arjun Mehta;6;99.7;Vicky Thomas;9859466878;Family responsibilities;Female;Graduate
1;5;17.16;60.1;47.92;0;7;7.1;46.86;37.24;1;2;9.68;58.83;75.05;55.92;32.06;56.67;67.95;40.85;47.99;50.22;38.23;59.72;48.19;56.29;36.69;43.44;60.84;44.41;75.9;44.01;53.37;63.99;28.72;23.59;Priya Khan;4;79.6;Arun Patel;9399496923;Lack of interest;Male;Enrolled
0;1;17.05;41.72;88.37;0;6;9.74;52.77;73.13;1;8;20.0;80.92;68.13;65.36;58.89;61.68;41.73;37.73;49.95;47.45;43.2;60.45;64.33;51.33;72.16;32.87;47.1;39.25;22.0;48.76;48.17;72.7;59.46;34.64;Riya Reddy;6;56.7;Meera Iyer;9465436049;Academic difficulty;Female;Dropout
0;6;16.88;58.73;46.6;0;4;8.16;44.42;66.33;1;7;19.54;73.15;42.67;33.21;52.11;23.47;54.85;47.79;43.01;26.08;57.7;42.01;32.45;6.92;49.59;76.58;74.92;43.14;40.97;57.03;35.02;54.53;61.49;68.4;Anju Das;8;97.2;Vicky Dutta;9581223755;COVID-19 related;Male;Graduate
1;3;11.19;36.83;37.6;0;3;11.09;55.51;63.7;1;1;8.79;72.39;45.93;49.68;38.79;13.64;63.26;61.05;45.78;51.0;57.74;26.56;42.06;61.91;31.19;54.4;29.65;57.0;49.47;25.77;67.47;38.98;37.85;53.01;Karan Roy;6;73.8;Pooja Ghosh;9455184454;Transfer to another college;Female;Graduate
1;1;7.94;50.93;56.43;0;4;14.77;52.65;44.49;0;5;8.69;51.29;33.92;6.18;56.55;63.56;14.56;34.85;59.29;80.86;50.31;39.08;47.26;70.62;40.31;38.01;42.76;35.7;51.84;74.37;54.85;46.21;45.62;26.55;Sunita Ghosh;3;88.8;Saanvi Reddy;9893070706;Lack of interest;Female;Enrolled
1;2;11.69;47.29;97.9;1;1;13.2;38.72;43.6;0;9;16.59;51.7;28.43;63.79;39.98;78.1;66.2;43.29;69.22;51.02;62.79;57.27;37.3;40.35;65.45;44.98;43.95;35.67;56.35;80.94;33.99;50.36;71.18;48.81;Ananya Jain;1;85.6;Ramesh Ghosh;9235917419;Academic difficulty;Male;Enrolled
1;1;7.75;56.42;47.19;0;6;15.94;67.81;88.84;1;1;14.32;54.89;52.92;44.7;55.08;45.57;52.53;69.76;34.9;67.1;69.76;48.23;18.17;40.88;69.45;49.66;35.01;42.43;62.61;58.2;46.42;44.5;44.12;36.16;Kavya Dutta;8;80.4;Sakshi Khan;9297958983;Financial issues;Female;Enrolled
1;9;10.71;68.26;72.82;0;8;15.99;43.53;56.06;1;7;11.9;36.44;54.87;32.31;67.82;43.03;53.02;54.25;46.12;58.8;42.88;63.07;29.81;51.9;79.08;35.0;39.83;57.71;52.69;55.26;57.34;59.52;66.65;56.15;Simran Verma;3;94.4;Sai Chowdhury;9426240903;Health problems;Male;Graduate
0;3;14.69;78.5;48.01;0;4;8.1;66.61;48.19;0;2;3.31;62.71;41.97;48.64;54.98;52.86;60.64;43.47;57.7;46.11;61.08;59.23;35.97;66.29;41.96;62.12;55.51;77.57;46.65;44.76;49.71;45.45;62.0;25.76;Ayesha Thomas;5;72.1;Nikhil Chowdhury;9560452529;Academic difficulty;Male;Dropout
0;4;7.73;64.25;75.66;1;7;11.58;47.47;51.05;0;10;16.65;36.09;53.58;64.63;57.52;52.84;65.02;9.45;60.17;40.19;22.54;57.67;70.6;47.94;64.29;74.18;69.72;74.6;61.13;51.13;25.97;46.31;37.35;82.56;Isha Singh;2;62.4;Ananya Sharma;9538642403;Lack of interest;Female;Graduate
0;1;12.49;58.27;50.65;0;2;18.78;40.66;52.92;1;9;9.03;30.2;40.82;49.44;43.56;39.61;28.91;48.75;27.43;61.4;51.24;28.14;45.36;38.72;54.79;70.11;21.87;51.73;47.6;60.07;53.2;38.72;45.21;38.06;Isha Iyer;4;72.9;Pooja Gupta;9684719405;Low attendance;Male;Enrolled
1;8;12.09;78.52;49.09;1;7;9.17;27.29;22.95;0;9;5.66;54.01;57.63;26.28;63.43;42.75;52.2;74.18;63.45;45.97;36.63;17.72;39.21;46.83;35.19;48.03;51.15;46.63;40.25;52.53;56.63;33.64;71.16;48.52;Sunita Chowdhury;5;87.9;Sakshi Gupta;9603260608;Disciplinary issues;Female;Dropout
0;10;14.83;53.5;64.3;1;9;13.15;40.81;55.42;0;2;7.43;51.63;49.5;46.88;48.07;21.77;41.77;51.39;52.4;34.58;68.99;37.01;64.54;56.41;40.31;76.63;32.1;63.79;65.01;39.94;70.89;46.25;54.33;53.9;Vivaan Mehta;6;75.2;Ankit Iyer;9127772220;Health problems;Male;Enrolled
1;1;15.24;61.9;23.77;1;5;17.22;25.06;65.49;1;5;16.51;33.64;43.84;33.41;46.78;45.38;61.69;69.65;70.94;41.57;46.86;24.75;37.91;64.47;74.23;31.48;41.11;49.6;54.2;37.86;56.36;42.89;49.78;58.19;Riya Roy;8;73.4;Ayesha Iyer;9294872482;Part-time job;Female;Dropout
1;8;10.25;48.36;48.67;0;7;10.52;46.12;73.98;0;5;14.24;45.57;60.45;44.99;67.6;55.54;48.39;56.72;26.44;33.1;32.09;52.14;75.99;83.47;59.57;57.51;22.98;41.86;38.18;40.69;47.48;42.92;20.31;61.22;Rahul Gupta;3;75.1;Rahul Mehta;9844826434;Lack of interest;Female;Dropout
0;8;12.96;81.11;36.21;1;9;1.88;45.71;66.51;1;10;19.83;31.56;57.45;43.02;48.41;89.67;27.46;53.81;57.02;66.29;51.47;54.62;44.13;54.04;44.85;59.32;44.46;55.66;49.56;66.89;49.23;23.4;68.93;36.41;Priya Khan;2;62.1;Anju Nair;9652543518;Financial issues;Female;Graduate
1;1;9.62;70.62;17.96;0;10;20.0;65.84;53.35;0;2;11.78;54.28;57.82;59.68;58.33;51.34;47.04;47.73;47.08;67.01;58.9;5.89;59.84;52.92;49.72;44.17;66.86;64.21;38.41;56.11;35.43;29.31;40.6;62.94;Sakshi Verma;4;67.2;Priya Ghosh;9240674381;Academic difficulty;Female;Enrolled
0;10;14.05;60.88;57.74;0;7;9.43;56.48;62.01;1;8;15.02;67.83;60.62;55.27;66.05;49.6;36.77;47.55;38.83;39.87;47.83;38.11;45.38;21.6;53.2;50.02;37.74;59.89;64.06;25.89;38.56;38.46;35.9;62.44;Kavya Ghosh;1;86.4;Karan Mehta;9200082623;Low attendance;Male;Graduate
1;3;10.94;19.94;59.53;0;1;7.04;50.9;54.16;1;6;17.44;30.37;4.71;52.76;77.01;68.58;53.14;42.63;62.11;35.4;57.15;57.58;65.9;91.39;55.89;42.37;49.62;23.46;39.58;43.86;42.14;52.29;37.66;66.82;Ramesh Iyer;7;72.7;Arun Dutta;9607042130;Low attendance;Female;Dropout
1;2;11.96;45.08;52.33;1;8;15.3;36.99;40.13;1;5;10.79;29.81;37.71;42.86;63.12;53.94;52.9;62.76;47.94;55.86;48.45;53.98;41.26;13.42;47.99;71.34;63.89;64.48;68.54;51.33;52.96;40.74;45.26;59.24;Rahul Roy;5;75.0;Arun Sharma;9403696046;Disciplinary issues;Female;Enrolled
0;6;11.44;43.25;50.01;0;5;14.4;28.34;15.56;1;6;9.8;31.69;42.38;47.78;43.2;71.79;54.9;54.51;59.33;32.92;65.59;48.86;60.06;33.92;26.69;62.27;55.65;36.47;36.96;66.88;32.16;74.64;36.49;59.58;Rahul Ghosh;7;89.4;Sakshi Khan;9302563940;Disciplinary issues;Male;Dropout
1;1;14.41;41.84;47.56;1;0;12.16;34.97;61.11;0;6;9.95;46.57;35.08;11.56;47.13;86.19;61.77;49.71;46.06;50.34;58.21;32.29;66.71;60.73;60.77;56.58;50.29;60.09;58.88;44.69;41.4;51.53;73.24;31.41;Neha Kumar;8;71.1;Vivaan Kumar;9639331014;Part-time job;Female;Enrolled
1;10;12.66;50.76;52.6;1;5;12.98;46.65;72.35;1;8;5.6;37.57;48.45;25.35;47.36;74.92;50.31;53.46;31.1;40.75;44.37;45.23;69.22;58.37;33.33;53.7;57.47;67.1;73.71;34.77;37.84;31.14;46.49;57.0;Nikhil Kumar;2;57.4;Riya Iyer;9463527356;Part-time job;Female;Dropout
0;10;11.7;45.2;52.28;0;7;8.66;81.34;25.89;0;4;12.74;80.35;50.1;47.15;44.64;47.29;70.59;16.82;73.0;28.64;46.0;43.56;58.83;26.03;56.93;80.36;29.55;52.85;40.07;56.39;50.29;40.38;57.32;77.07;Vivaan Bose;2;86.8;Isha Jain;9344261532;Disciplinary issues;Male;Graduate
0;8;14.88;30.6;35.65;1;9;13.89;72.26;55.33;0;2;10.75;49.99;31.24;59.07;63.23;43.22;42.95;53.99;43.45;49.01;81.5;46.29;44.62;40.29;61.16;47.28;40.26;69.82;71.29;40.99;22.0;65.11;39.73;61.86;Varun Sharma;1;72.7;Rahul Verma;9415001254;Transfer to another college;Female;Graduate
1;7;15.57;31.83;60.96;1;10;12.06;35.69;43.89;0;7;14.75;51.59;58.77;79.65;26.54;74.26;51.57;36.52;30.05;47.16;63.82;48.09;72.67;28.23;49.82;31.21;55.45;63.3;43.69;10.94;52.98;56.55;56.06;68.54;Ananya Patel;7;51.4;Ankit Das;9634366139;Part-time job;Male;Graduate
1;4;14.72;67.89;23.32;1;4;13.28;42.44;48.78;0;6;13.39;42.69;39.86;50.51;33.69;33.71;60.19;32.77;59.99;56.94;24.11;39.84;67.91;35.28;43.03;56.93;61.75;46.23;41.04;71.34;76.08;64.68;51.28;37.88;Varun Jain;3;62.1;Aditya Thomas;9471048258;Part-time job;Female;Dropout
1;0;14.09;56.28;71.02;1;4;14.6;27.45;65.78;0;9;8.01;44.24;53.75;79.94;96.65;59.1;47.25;58.02;63.31;45.19;76.93;53.45;57.47;59.99;56.32;62.58;40.74;41.63;33.5;56.59;61.68;56.87;75.12;49.92;Nikhil Dutta;2;65.0;Isha Nair;9714097318;Transfer to another college;Female;Enrolled
1;3;7.63;44.19;60.43;0;9;15.4;45.59;48.93;1;10;5.93;44.64;63.36;58.63;57.51;50.75;50.11;40.1;60.48;56.31;57.38;42.11;17.7;66.46;42.82;37.06;60.4;44.12;65.9;59.26;60.25;29.51;68.18;53.92;Nikhil Verma;8;83.0;Arun Jain;9932945529;COVID-19 related;Male;Dropout
1;2;12.57;23.36;56.13;0;4;7.88;29.71;27.16;1;6;16.45;40.56;73.01;41.96;24.39;33.25;68.54;47.66;41.78;52.4;57.53;66.76;71.73;44.6;30.11;43.8;53.9;35.54;35.64;55.16;49.27;50.49;38.62;46.54;Anju Kumar;2;70.6;Varun Verma;9431714152;COVID-19 related;Female;Graduate
1;7;15.56;65.53;22.31;1;5;8.28;27.55;40.25;0;7;11.67;28.26;36.17;34.94;53.11;51.04;39.17;52.65;41.8;45.93;75.1;70.11;30.51;62.45;62.17;32.78;62.28;73.07;33.16;36.24;65.26;54.07;58.27;55.11;Ananya Reddy;3;63.9;Meera Ghosh;9492836532;Failed semester;Female;Enrolled
1;0;6.69;65.71;67.54;1;8;11.08;49.35;27.03;0;7;14.06;58.58;49.07;66.87;44.99;58.47;34.71;49.65;47.38;53.38;44.46;48.03;62.39;43.45;25.9;76.24;70.72;30.62;60.35;42.46;53.95;54.41;46.48;38.24;Aditya Kumar;4;79.7;Nikhil Nair;9963919401;Failed semester;Female;Graduate
1;9;8.34;37.52;48.99;0;10;9.14;60.23;72.31;0;10;9.68;53.59;57.5;57.08;51.14;61.14;57.23;31.44;63.04;63.31;38.55;50.57;60.25;46.86;66.09;85.46;38.21;29.28;54.56;60.82;46.54;71.8;29.92;60.39;Rohit Iyer;7;66.7;Arun Joshi;9216335741;Moved abroad;Male;Graduate
1;7;18.88;79.89;38.5;0;1;9.8;62.89;44.19;0;8;11.82;50.38;21.2;49.79;39.65;42.6;71.65;31.15;62.2;45.82;45.8;61.86;55.1;58.56;64.52;45.03;40.82;33.72;37.62;94.24;68.67;29.73;30.16;57.23;Arun Thomas;5;67.7;Vicky Mehta;9225279834;Family responsibilities;Male;Enrolled
0;7;14.2;46.18;48.12;1;4;13.31;51.29;16.71;0;5;11.08;37.23;52.63;94.78;55.51;45.3;63.83;57.24;56.3;59.1;80.85;33.04;57.1;36.1;58.33;36.22;43.74;45.57;64.64;63.78;31.31;50.82;39.36;31.12;Sai Nair;8;81.6;Rohit Ghosh;9550033924;Part-time job;Male;Enrolled
1;0;10.77;86.4;56.49;1;4;6.49;41.53;65.32;0;1;20.0;26.21;21.8;78.06;55.84;36.98;58.02;10.46;50.05;54.92;63.86;34.79;51.29;36.12;53.83;36.57;43.88;35.06;59.77;62.88;46.48;50.57;28.27;45.5;Saanvi Thomas;8;72.4;Isha Joshi;9206681214;Moved abroad;Female;Dropout
1;3;20.0;33.32;71.96;0;9;15.99;54.21;76.38;0;1;13.49;55.84;49.2;68.35;66.45;40.61;30.21;46.96;38.0;49.05;68.56;43.14;49.36;50.87;62.73;16.3;40.9;53.17;68.0;42.62;21.85;59.3;40.47;32.16;Nikhil Thomas;2;74.4;Manish Reddy;9789024924;Moved abroad;Male;Graduate
0;4;11.26;40.93;16.92;0;2;15.59;69.12;59.77;1;2;7.45;46.98;49.9;58.98;60.03;38.99;51.23;56.86;71.84;60.57;61.84;51.26;71.16;56.15;37.08;71.05;60.47;43.35;42.81;54.45;56.95;52.96;54.67;75.5;Arun Ghosh;4;67.5;Simran Reddy;9973008988;Low attendance;Female;Enrolled
0;2;12.76;64.12;34.51;1;0;13.59;77.14;46.73;0;6;8.61;40.22;33.66;38.23;44.44;28.92;50.23;63.53;36.38;72.79;57.66;65.46;40.13;62.82;33.62;63.35;52.58;58.3;32.37;36.57;58.96;35.77;56.95;29.49;Arjun Sharma;3;87.9;Aarav Joshi;9948239575;COVID-19 related;Male;Dropout
0;9;7.07;58.28;59.38;0;10;9.21;58.73;53.91;1;7;9.84;34.87;20.56;55.24;26.53;51.43;46.05;60.19;45.47;45.06;60.98;55.03;54.74;57.04;26.97;61.35;59.19;34.75;46.34;49.41;47.98;55.01;71.47;66.23;Deepak Gupta;2;85.2;Riya Thomas;9935389432;Transfer to another college;Male;Graduate
1;1;14.49;69.93;55.8;0;5;16.36;80.18;65.36;0;1;13.0;65.68;52.17;50.36;44.73;73.45;37.72;72.99;57.5;29.01;55.51;18.5;59.38;63.28;41.11;51.85;79.31;42.41;34.12;72.22;79.44;50.06;65.17;70.12;Vicky Sharma;1;59.3;Riya Nair;9557707813;Moved abroad;Male;Graduate
1;1;10.06;68.46;75.28;0;10;14.25;36.8;79.81;0;6;9.88;44.97;55.14;73.31;62.81;56.22;56.95;50.65;58.37;12.06;45.55;53.62;32.73;55.79;46.93;76.33;73.6;43.01;47.74;48.89;43.23;52.93;38.63;33.04;Sai Iyer;6;66.1;Neha Bose;9669681065;Academic difficulty;Female;Dropout
1;10;14.52;37.94;63.43;1;5;9.47;53.8;62.31;0;10;11.87;56.82;42.25;47.05;46.91;38.8;47.35;26.77;42.63;45.73;46.16;46.38;49.07;57.19;63.12;40.25;31.95;34.37;42.69;44.72;38.45;30.56;43.16;52.72;Sakshi Das;7;82.5;Rahul Thomas;9528133274;Personal reasons;Male;Graduate
1;2;9.77;43.81;36.1;0;9;11.87;37.27;58.6;1;10;4.86;44.61;54.52;52.76;90.4;55.25;34.94;48.57;23.36;48.79;37.5;63.73;41.76;48.25;40.47;76.08;45.18;77.49;62.21;57.23;55.53;55.91;21.08;45.82;Ayesha Dutta;2;82.1;Aditya Patel;9200105056;Personal reasons;Male;Enrolled
1;1;11.8;28.92;49.21;0;2;18.82;68.7;49.07;1;3;15.81;44.5;24.44;36.13;73.44;45.89;46.35;45.5;78.56;74.39;83.28;47.61;54.43;27.25;72.15;32.48;53.25;33.54;41.17;37.44;40.88;41.91;41.78;62.5;Arjun Mehta;6;85.1;Nikhil Mehta;9874233009;Financial issues;Female;Dropout
1;8;12.88;68.27;42.3;0;9;9.13;46.54;67.7;1;0;12.78;42.03;57.26;33.47;60.22;56.13;45.38;37.42;36.7;58.02;68.43;40.44;56.88;18.69;41.23;49.53;36.35;35.95;39.98;54.38;47.19;16.43;18.19;40.9;Nikhil Gupta;6;61.7;Nikhil Ghosh;9494665673;Health problems;Female;Dropout
1;1;1.01;42.5;42.11;0;10;17.55;44.22;55.74;0;1;12.57;18.04;61.52;53.23;57.62;108.89;18.74;75.87;45.69;54.31;49.32;43.64;41.45;54.94;27.24;61.26;43.76;33.05;43.25;68.86;41.97;55.38;39.04;61.37;Ananya Iyer;5;80.5;Ayesha Khan;9476908532;Financial issues;Male;Enrolled
1;9;19.39;47.37;60.03;0;0;12.39;69.44;39.22;0;2;14.98;47.08;49.04;51.38;53.78;48.26;53.22;73.67;64.78;63.04;43.17;36.66;64.33;63.14;72.09;40.94;46.56;25.41;44.11;64.95;43.0;59.61;47.14;54.86;Sunita Roy;4;83.2;Neha Mehta;9587098457;Transfer to another college;Male;Graduate
1;6;12.34;5.13;47.2;1;3;5.48;68.09;61.66;0;5;13.87;72.82;35.77;76.21;63.98;46.45;67.03;33.41;37.63;40.87;42.07;34.15;68.35;46.12;55.29;41.44;22.69;54.05;21.32;48.97;29.48;79.81;63.67;51.59;Anju Bose;1;61.2;Manish Patel;9392168202;Lack of interest;Female;Graduate
1;9;8.61;58.15;53.0;0;0;13.06;69.09;60.99;0;4;13.15;25.18;35.6;48.16;51.4;33.05;86.18;72.75;59.03;51.08;46.82;35.72;51.16;53.87;31.37;55.01;47.67;21.38;37.09;43.8;78.32;58.35;29.97;57.29;Pooja Gupta;5;90.2;Manish Chowdhury;9622517939;Failed semester;Female;Graduate
0;2;16.33;42.93;48.6;1;8;17.3;30.69;29.04;0;8;9.67;65.58;27.21;7.52;43.23;58.28;68.0;43.05;43.83;67.31;21.95;44.17;52.86;56.74;42.35;50.52;12.68;40.13;56.8;35.27;50.88;56.7;44.86;52.56;Saanvi Kumar;5;56.4;Kavya Khan;9228832213;Financial issues;Female;Enrolled
1;9;11.17;59.15;52.35;1;9;9.65;53.36;60.72;1;10;3.8;67.39;44.96;56.38;67.96;29.42;39.36;45.67;38.24;76.02;37.15;41.67;53.07;31.97;44.06;54.76;45.01;48.6;42.06;27.28;54.82;76.32;50.28;53.38;Karan Joshi;2;63.4;Neha Verma;9568387228;Financial issues;Female;Enrolled
1;1;6.92;75.54;53.03;1;1;18.53;39.0;77.27;0;6;15.1;58.3;53.51;46.27;68.01;52.11;20.49;33.24;47.21;54.65;49.15;68.28;20.73;52.15;22.73;61.4;48.58;56.29;37.04;69.19;65.63;58.75;48.06;58.7;Pooja Jain;2;83.3;Neha Sharma;9448717183;Family responsibilities;Female;Enrolled
0;1;15.42;74.74;66.06;0;8;9.08;55.42;30.6;0;5;14.29;56.76;21.95;32.57;45.75;45.49;31.86;55.83;53.77;47.09;38.66;65.73;74.83;42.75;40.82;57.37;44.63;47.91;61.09;21.36;69.77;51.09;43.83;48.66;Simran Nair;2;66.5;Neha Jain;9900801837;Transfer to another college;Male;Graduate
0;2;5.08;72.42;50.62;1;7;13.77;64.27;34.68;1;10;13.89;45.99;62.7;18.09;48.51;40.96;56.48;57.05;39.39;39.32;48.34;36.55;62.63;44.46;6.4;44.38;34.42;25.53;31.44;51.64;69.93;54.7;40.9;56.84;Rohit Kumar;4;74.5;Arjun Kumar;9374843786;Low attendance;Male;Dropout
1;4;9.22;32.68;23.72;0;5;10.44;52.37;48.55;0;4;10.34;35.81;59.12;30.24;61.64;34.97;38.71;28.0;42.48;64.63;57.73;64.68;57.83;33.44;45.04;38.3;69.96;32.05;63.41;63.39;77.44;43.85;60.68;84.22;Ayesha Chowdhury;6;69.5;Nikhil Khan;9262089272;Lack of interest;Male;Graduate
0;9;5.86;21.8;60.69;1;7;4.47;44.42;56.56;0;7;12.74;56.38;53.33;69.18;35.72;39.85;38.41;62.45;63.51;56.77;67.75;32.33;75.01;72.85;61.03;76.73;25.15;42.13;38.97;60.82;34.25;61.36;70.56;60.43;Sakshi Thomas;1;67.6;Vivaan Joshi;9993027458;Academic difficulty;Male;Dropout
1;1;8.05;37.3;68.74;1;1;15.12;49.41;43.73;0;0;3.9;33.94;78.67;30.79;52.84;65.11;31.18;52.77;64.07;50.19;93.03;24.97;65.88;47.41;61.58;56.62;39.0;53.43;22.13;59.05;54.47;59.58;65.87;55.51;Ayesha Chowdhury;4;78.4;Rahul Bose;9610702777;Failed semester;Male;Enrolled
1;6;8.48;39.32;67.8;1;5;17.75;46.43;50.69;0;10;8.38;67.59;59.98;79.12;36.83;44.33;53.47;59.7;46.76;36.91;63.22;60.82;36.26;70.33;67.55;52.01;51.19;58.31;37.07;50.45;17.71;63.15;26.58;72.55;Isha Thomas;8;76.8;Deepak Roy;9754773573;Family responsibilities;Female;Graduate
0;5;11.15;40.58;45.68;0;9;17.67;12.68;69.15;0;5;13.35;31.89;33.87;75.15;35.82;32.7;67.06;55.08;35.93;53.25;34.61;66.51;65.92;57.98;55.42;76.42;50.0;32.27;56.74;81.29;34.78;44.58;56.25;49.19;Vicky Khan;2;71.0;Rahul Gupta;9699108439;Moved abroad;Female;Graduate
1;2;16.49;84.8;52.94;0;10;8.38;26.77;53.87;1;8;16.42;57.13;49.96;41.16;33.62;62.52;63.71;26.81;73.85;58.61;70.99;29.87;29.51;47.77;57.54;76.95;60.59;46.36;34.6;68.45;35.53;74.43;45.73;73.86;Kavya Nair;3;63.2;Ankit Patel;9432411019;Failed semester;Female;Dropout
0;2;11.45;42.21;44.89;0;4;13.71;51.16;41.09;0;8;11.34;51.18;18.07;56.87;35.3;32.7;24.69;23.09;29.67;39.36;79.3;42.11;52.67;56.01;51.97;48.84;32.07;71.76;77.11;24.76;34.64;45.8;35.53;57.59;Rohit Sharma;6;83.1;Kavya Singh;9329987621;Transfer to another college;Female;Graduate
0;2;20.0;67.86;53.19;0;9;16.11;66.59;41.54;0;7;8.74;51.17;62.92;52.09;26.35;37.96;48.89;48.87;79.59;29.21;57.58;72.34;84.07;43.93;57.37;58.55;52.93;48.52;56.54;12.02;60.23;51.89;46.66;80.7;Anju Ghosh;1;66.3;Manish Khan;9922816526;Part-time job;Male;Dropout
1;3;10.39;79.87;37.52;0;4;9.8;47.79;62.61;1;3;12.83;30.61;42.02;40.89;48.84;56.39;56.27;23.36;65.96;53.79;70.77;56.66;66.52;57.0;70.19;57.83;48.53;84.09;63.34;58.61;30.86;30.68;54.39;52.18;Vivaan Mehta;6;66.9;Manish Das;9576954730;Part-time job;Female;Enrolled
0;9;12.56;73.83;60.43;0;4;7.44;48.33;37.93;0;10;10.45;43.8;42.84;31.17;48.09;41.59;6.06;80.79;66.33;44.36;50.28;32.43;75.44;78.46;52.35;65.35;52.63;29.95;43.82;51.98;43.18;46.72;48.63;48.79;Rohit Chowdhury;8;67.6;Sakshi Jain;9935504321;Personal reasons;Female;Enrolled
1;7;7.76;39.24;30.73;0;6;15.91;18.42;67.3;0;3;17.55;45.47;10.95;44.58;49.04;34.84;42.27;72.95;59.97;36.13;26.04;45.09;46.8;57.44;41.97;57.67;79.03;62.23;49.28;47.25;44.65;67.71;40.59;50.68;Riya Joshi;2;75.6;Ramesh Roy;9233871736;Academic difficulty;Male;Enrolled
0;6;9.99;29.41;54.84;0;5;11.76;57.5;42.0;0;0;16.88;36.85;75.68;23.79;56.52;57.13;38.07;56.37;69.19;16.75;57.54;12.6;35.52;74.44;41.27;32.39;47.03;81.02;22.52;34.23;72.46;77.87;48.45;31.41;Arun Thomas;6;75.6;Ayesha Sharma;9545492166;Financial issues;Female;Dropout
1;2;18.38;60.18;37.81;1;7;11.8;47.59;54.96;0;1;17.8;63.19;33.84;70.65;54.7;60.31;72.0;33.33;49.46;42.03;26.48;55.2;87.67;22.4;49.52;59.61;51.85;48.3;30.51;53.49;38.65;17.15;67.92;64.38;Rahul Gupta;6;100.0;Meera Kumar;9247746438;Financial issues;Female;Enrolled
1;3;12.92;66.11;53.37;1;1;15.62;45.54;69.68;0;3;13.28;52.91;30.95;54.3;37.52;40.43;37.77;34.01;81.87;69.97;78.81;31.66;51.07;30.6;39.56;36.23;68.59;44.06;66.03;59.06;84.55;27.81;68.89;67.2;Aarav Iyer;4;75.6;Arun Kumar;9689274064;Disciplinary issues;Female;Graduate
0;2;16.03;55.04;46.59;1;6;8.7;39.21;80.75;0;9;12.0;61.73;38.14;38.3;66.23;29.76;43.77;50.51;51.67;47.31;55.94;60.39;61.02;35.21;45.74;67.92;63.42;29.41;55.27;20.33;50.7;78.47;35.78;37.49;Pooja Bose;8;63.3;Aditya Gupta;9998386592;Lack of interest;Male;Dropout
0;6;5.83;40.51;58.95;1;0;9.46;46.46;61.16;1;5;13.69;54.0;44.91;55.55;48.14;56.87;42.55;47.26;35.15;49.47;37.83;33.29;53.88;53.19;61.74;43.53;56.12;58.26;56.67;37.62;52.24;55.46;50.11;18.7;Rohit Das;7;84.2;Ananya Patel;9662087258;Transfer to another college;Male;Enrolled
1;2;20.0;44.6;39.08;0;5;13.49;54.69;67.89;1;10;6.97;60.97;58.86;47.87;55.08;65.44;63.08;32.85;62.3;49.03;51.09;51.1;47.75;67.88;48.74;33.21;44.1;52.68;68.44;59.05;37.24;87.28;53.97;69.13;Priya Sharma;6;76.9;Meera Patel;9470228863;Low attendance;Male;Enrolled
1;0;14.13;62.59;68.27;1;3;16.23;63.08;45.27;0;3;9.71;54.99;64.0;46.66;65.98;71.79;36.26;37.45;47.89;54.61;42.13;70.28;56.36;50.59;28.46;30.26;54.22;18.01;65.19;47.63;98.65;84.62;47.28;48.4;Ananya Thomas;8;73.2;Vicky Singh;9971339002;Family responsibilities;Male;Enrolled
0;4;18.81;25.43;23.2;1;0;9.51;58.74;57.45;1;4;16.28;32.0;15.26;62.87;37.58;19.72;52.18;61.9;48.17;43.13;47.61;44.44;29.78;39.28;57.82;54.83;52.52;35.07;47.28;17.34;52.68;71.43;27.89;41.21;Varun Verma;6;86.9;Ayesha Jain;9653388913;Personal reasons;Female;Graduate
0;7;17.01;43.28;39.62;1;5;4.12;51.55;80.63;1;1;13.11;49.67;54.83;49.83;37.8;62.35;53.39;50.26;35.37;69.55;59.97;41.71;65.03;42.54;38.27;38.6;23.43;57.07;22.53;31.57;18.87;48.71;47.75;45.1;Arjun Joshi;7;78.9;Varun Nair;9898120571;Lack of interest;Female;Graduate
0;5;7.31;56.97;41.74;1;4;13.27;36.72;52.72;1;9;17.21;58.79;43.81;53.86;46.39;50.12;45.12;47.53;53.18;35.1;34.76;29.17;26.0;31.74;52.39;36.61;57.7;50.52;20.47;59.82;62.16;35.09;56.3;37.15;Sunita Mehta;2;62.5;Pooja Bose;9982982227;Family responsibilities;Female;Graduate
1;9;6.94;23.1;44.26;1;4;11.51;44.03;32.24;0;1;10.4;54.04;49.33;52.74;39.95;67.58;32.36;57.31;67.73;57.21;46.96;42.08;65.54;28.66;35.45;44.04;68.56;55.7;35.48;45.35;40.79;39.35;64.68;29.42;Ramesh Mehta;3;76.2;Ramesh Thomas;9477470703;Lack of interest;Male;Enrolled
0;3;15.31;66.36;43.06;1;5;11.4;28.5;42.13;1;9;13.97;69.44;33.39;44.52;47.73;29.06;58.87;39.14;47.07;43.22;38.16;49.89;46.77;44.42;39.07;54.79;74.8;52.1;64.94;29.15;52.37;33.54;27.85;38.91;Manish Nair;6;94.3;Deepak Singh;9133436988;Family responsibilities;Female;Graduate
0;8;15.8;53.65;27.01;1;6;11.21;54.53;52.63;1;10;4.62;36.65;49.04;58.04;17.06;47.57;52.15;62.74;60.39;58.74;38.0;21.38;44.1;65.02;70.9;60.66;56.44;55.69;41.66;48.05;75.04;35.86;74.22;45.17;Vivaan Bose;3;89.3;Manish Thomas;9498320110;Transfer to another college;Female;Enrolled
0;4;6.37;58.79;38.95;1;7;6.34;53.28;65.14;0;9;8.62;27.51;48.62;48.69;58.22;64.24;49.11;77.83;53.36;44.8;25.83;46.06;44.95;64.4;56.94;32.31;52.58;60.07;72.92;63.31;61.41;50.9;55.82;68.74;Priya Das;2;90.9;Aarav Singh;9635844374;Failed semester;Female;Enrolled
1;1;10.6;38.41;55.69;1;10;16.92;41.05;14.15;1;1;10.35;63.7;58.06;56.42;45.8;30.81;57.73;37.49;82.76;58.56;41.29;40.83;48.61;46.41;66.75;52.8;39.03;78.36;50.74;61.53;40.88;55.45;54.67;21.66;Kavya Dutta;4;59.0;Arjun Kumar;9179512774;Lack of interest;Male;Enrolled
0;1;17.16;44.04;33.47;0;2;13.39;51.3;55.34;0;7;12.77;57.59;71.71;58.52;34.26;70.44;74.61;97.28;33.15;53.64;18.77;58.3;41.78;78.85;38.38;24.66;42.93;20.37;61.27;19.02;50.43;18.83;45.2;74.65;Karan Ghosh;5;99.2;Varun Jain;9269119969;Disciplinary issues;Male;Enrolled
1;7;8.55;49.53;50.27;1;6;13.89;29.5;58.89;0;2;1.18;40.55;42.68;59.5;50.34;28.92;35.23;52.98;48.81;41.31;42.79;60.44;42.23;48.68;82.55;28.64;22.22;61.75;39.82;45.23;38.28;46.1;73.98;62.03;Aarav Joshi;6;79.3;Sakshi Ghosh;9239340792;Part-time job;Male;Graduate
0;6;6.34;32.73;7.41;0;1;8.76;64.35;57.75;0;4;11.11;49.67;39.67;53.07;61.49;25.76;54.49;63.99;43.77;60.51;92.22;48.43;55.9;38.93;52.72;56.9;52.92;34.7;53.1;71.93;56.73;64.43;46.44;61.25;Rahul Patel;8;85.3;Sakshi Roy;9469919929;Family responsibilities;Male;Enrolled
1;3;8.2;54.78;35.12;1;2;9.47;52.84;54.46;1;9;7.24;65.81;58.58;39.43;26.94;47.83;43.31;51.7;44.55;19.89;44.17;45.42;59.5;39.53;75.18;21.33;69.67;46.64;62.89;51.2;67.09;44.19;33.52;71.31;Ananya Singh;6;78.4;Ayesha Das;9471539452;Failed semester;Female;Enrolled
0;0;12.89;68.52;34.52;0;0;14.38;41.15;48.02;1;10;12.29;27.5;38.32;70.27;63.29;49.06;53.65;45.59;70.35;46.99;53.48;67.19;38.34;73.38;27.04;74.44;44.41;46.36;21.65;43.18;34.4;40.89;47.94;64.37;Karan Patel;3;73.6;Simran Chowdhury;9265564833;Family responsibilities;Female;Enrolled
1;7;13.23;33.57;36.79;0;10;19.19;38.97;74.84;1;4;11.03;50.03;66.06;69.08;48.34;44.18;49.16;55.07;63.37;50.06;59.28;74.58;55.72;54.67;27.22;10.54;55.83;48.58;42.28;53.65;49.09;66.92;51.29;38.8;Saanvi Chowdhury;7;77.5;Ankit Sharma;9634764290;Moved abroad;Female;Dropout
0;5;11.13;57.9;42.84;1;5;9.4;51.26;50.19;1;2;13.92;45.97;22.45;43.51;61.91;45.54;46.3;64.8;39.32;26.86;47.59;42.74;35.51;47.37;57.37;49.86;54.6;77.2;44.86;54.18;42.36;37.3;41.23;42.82;Sakshi Patel;1;86.9;Ananya Thomas;9546270451;Lack of interest;Female;Graduate
0;1;20.0;39.26;43.75;0;4;11.75;55.94;53.95;1;9;17.14;13.6;14.2;42.56;66.46;26.52;4.89;58.57;53.65;33.65;35.22;35.45;51.66;40.61;57.41;7.18;37.15;33.11;46.15;41.93;61.97;22.11;50.68;58.38;Anju Joshi;2;79.3;Rahul Das;9600871106;Health problems;Female;Graduate
0;7;10.07;54.87;22.94;1;7;2.43;62.67;49.92;1;7;16.71;29.4;57.8;78.03;56.3;54.15;50.13;26.44;70.33;40.84;57.57;26.55;32.31;71.53;44.79;71.8;48.83;22.37;63.38;41.15;60.48;50.38;26.85;52.46;Pooja Das;3;97.3;Arun Khan;9720286733;Disciplinary issues;Female;Graduate
1;7;13.97;49.14;66.13;1;4;12.84;53.14;33.63;0;1;12.94;65.53;37.46;71.37;48.62;36.68;64.96;45.7;61.39;45.62;49.1;57.4;54.36;20.07;33.18;63.94;48.02;42.14;29.62;33.8;19.67;48.48;41.02;35.5;Aarav Patel;7;100.0;Deepak Thomas;9358480413;Low attendance;Female;Graduate
0;9;13.46;81.4;27.32;0;5;16.64;64.6;38.31;1;1;12.81;43.14;52.79;72.64;59.08;57.63;43.55;27.74;46.87;68.1;27.09;34.17;51.89;35.23;38.11;43.65;29.52;35.39;60.55;30.39;26.03;40.55;60.98;47.05;Pooja Kumar;5;74.2;Sunita Joshi;9920184955;Personal reasons;Female;Graduate
0;6;12.18;23.81;57.42;1;5;13.53;43.86;65.09;1;2;7.49;66.92;52.32;44.95;49.7;48.39;68.3;33.85;38.56;65.54;41.07;63.51;75.49;43.97;60.22;32.69;61.32;52.99;57.1;40.32;25.08;57.55;19.05;45.24;Neha Roy;8;69.4;Anju Ghosh;9400347789;Part-time job;Male;Graduate
1;8;12.77;79.23;65.38;1;2;9.38;50.41;49.29;0;5;5.67;35.89;41.59;19.46;50.71;46.26;24.91;56.06;60.74;53.41;45.14;58.87;60.2;54.61;37.63;54.15;67.93;41.05;81.47;42.12;50.49;39.91;53.35;23.87;Saanvi Bose;7;86.3;Deepak Verma;9148644109;Financial issues;Male;Enrolled
1;9;7.63;52.03;64.92;1;7;14.58;14.43;80.63;0;5;13.18;38.35;52.36;52.64;40.0;52.97;40.89;43.93;39.71;28.51;52.19;58.78;57.72;62.3;54.87;42.01;62.59;29.64;36.49;35.54;66.2;64.14;57.31;66.08;Ayesha Bose;6;68.4;Ananya Nair;9761962359;Disciplinary issues;Female;Dropout
1;10;13.39;48.12;62.7;0;0;11.54;44.23;58.11;1;2;15.5;39.97;49.08;34.12;12.53;53.01;59.13;53.93;20.76;44.74;16.72;70.55;33.71;68.83;64.19;36.49;33.01;55.26;37.34;51.54;42.76;23.28;16.54;53.4;Rahul Gupta;7;64.4;Simran Jain;9955508961;Disciplinary issues;Male;Dropout
1;5;9.79;60.44;67.6;1;2;10.91;44.89;57.5;1;3;6.57;53.35;58.28;60.2;20.95;38.58;36.83;51.5;57.21;72.45;42.58;42.54;67.25;54.45;69.01;54.33;32.64;30.0;26.73;59.93;67.83;77.74;62.65;67.44;Deepak Bose;7;68.3;Sai Das;9133898577;Part-time job;Male;Graduate
1;8;7.37;62.75;56.27;1;5;12.43;55.81;54.85;0;7;17.14;69.42;58.16;62.69;57.71;43.08;61.35;29.08;65.81;32.08;54.29;37.32;58.3;49.49;26.08;56.31;41.33;63.22;50.02;55.93;35.64;41.16;43.12;62.85;Pooja Roy;8;68.0;Nikhil Verma;9857820386;Family responsibilities;Male;Dropout
0;3;8.78;66.15;17.45;1;8;7.22;35.62;29.71;1;3;5.67;56.19;46.79;55.69;60.36;53.98;59.87;48.96;32.2;65.87;41.16;35.97;47.33;36.31;43.74;55.16;55.23;36.53;42.68;66.11;57.45;81.13;67.7;67.16;Ayesha Ghosh;6;95.1;Karan Joshi;9825708356;COVID-19 related;Female;Dropout
1;4;15.06;49.2;41.74;0;9;12.67;64.18;57.51;1;6;8.49;61.14;40.44;53.25;45.45;46.72;61.49;34.4;79.18;22.68;41.03;55.55;58.76;48.49;49.14;56.16;46.53;70.9;62.59;63.09;35.51;48.81;45.49;34.92;Kavya Jain;4;58.3;Ramesh Dutta;9440419907;Lack of interest;Female;Dropout
1;10;9.85;59.83;33.95;1;7;18.88;36.56;53.29;0;3;15.17;41.44;62.79;31.56;71.78;50.21;41.05;45.51;62.13;41.23;38.76;46.68;32.35;77.31;41.5;62.47;53.14;35.23;49.91;61.76;47.18;67.9;65.32;63.78;Arun Joshi;3;79.3;Kavya Verma;9408840720;Disciplinary issues;Male;Graduate
0;3;7.68;40.8;52.94;0;10;14.18;17.43;49.88;0;10;12.63;45.84;69.37;56.33;69.65;46.76;64.06;74.53;69.68;33.62;46.19;44.82;57.34;60.3;37.42;51.02;19.7;71.63;42.31;50.84;45.36;67.19;7.44;49.75;Arun Ghosh;5;69.5;Ayesha Ghosh;9847508242;Academic difficulty;Male;Graduate
0;0;10.19;75.89;36.69;0;6;15.09;55.34;68.92;1;7;9.33;39.01;66.44;56.38;26.83;41.91;55.8;62.57;39.81;6.29;57.85;31.7;19.74;7.52;62.21;51.93;46.62;70.84;59.56;74.24;29.11;49.48;25.75;46.56;Isha Verma;2;73.7;Pooja Khan;9870257350;Lack of interest;Male;Dropout
0;8;14.51;50.68;59.35;0;2;14.81;82.32;45.27;1;2;8.24;53.69;37.97;72.23;45.75;41.52;42.93;60.78;47.63;40.37;74.98;37.16;50.53;59.78;25.53;57.2;34.17;62.34;35.56;60.39;66.59;62.92;53.77;46.53;Vicky Reddy;5;72.0;Rahul Jain;9793527609;Financial issues;Male;Dropout
0;4;17.88;39.51;34.44;0;5;14.66;38.06;35.75;1;7;6.23;42.76;48.76;53.65;64.27;57.9;47.14;47.03;57.65;69.09;51.89;42.96;35.11;28.32;59.99;58.67;58.66;48.07;71.1;42.74;64.33;49.42;40.87;58.89;Ayesha Verma;7;68.1;Meera Dutta;9300050585;Disciplinary issues;Female;Enrolled
0;5;13.43;51.22;49.43;0;7;20.0;67.76;60.84;1;2;12.45;65.11;57.77;50.39;45.45;48.79;2.44;53.16;42.67;73.89;50.29;32.17;49.25;34.31;57.1;54.36;64.37;38.14;50.51;29.52;60.52;57.78;57.44;50.02;Vicky Ghosh;8;79.9;Varun Kumar;9641394238;Lack of interest;Female;Graduate
1;1;18.42;45.72;52.08;1;10;7.66;36.98;51.47;0;2;16.42;46.16;46.46;43.9;41.98;54.42;27.54;69.21;40.02;60.83;30.95;60.03;60.08;55.76;35.08;53.74;32.25;46.21;65.44;61.95;50.23;35.38;59.68;50.29;Aarav Khan;5;80.0;Simran Reddy;9288436227;Part-time job;Female;Enrolled
1;5;15.13;49.64;68.04;1;9;7.62;2.35;54.19;0;4;13.17;24.64;35.32;91.33;45.42;60.96;40.24;18.65;47.45;46.02;44.0;48.28;53.96;47.75;31.04;57.29;20.76;19.24;61.09;57.61;49.14;29.07;39.38;46.06;Sai Dutta;6;47.2;Ayesha Das;9107333788;Academic difficulty;Female;Graduate
1;1;9.04;59.78;71.41;1;5;10.32;61.35;21.29;0;3;14.64;37.94;54.61;46.28;69.81;36.88;59.41;45.81;47.63;47.24;37.31;49.79;49.06;53.62;51.27;61.97;63.85;34.24;63.03;32.2;58.82;59.3;21.33;51.39;Vicky Joshi;4;55.8;Vivaan Gupta;9599714064;Academic difficulty;Male;Graduate
0;3;8.96;70.26;40.19;0;8;8.77;51.14;60.28;1;8;11.43;67.5;57.96;17.33;42.06;41.57;57.19;10.63;88.24;57.97;52.23;67.72;85.15;63.06;64.23;51.96;47.88;42.86;37.61;39.69;29.74;48.86;24.73;52.86;Sai Dutta;3;69.4;Sakshi Bose;9501176618;Personal reasons;Female;Enrolled
0;2;12.59;42.17;96.15;1;8;17.44;31.33;53.49;1;1;9.57;34.78;29.9;56.48;39.78;64.52;64.91;70.61;37.21;57.13;59.49;42.89;38.42;74.14;53.41;59.54;37.67;31.71;41.46;48.14;34.04;49.85;24.67;33.2;Ramesh Joshi;2;74.6;Ayesha Chowdhury;9220483278;Financial issues;Male;Dropout
1;7;14.42;44.12;34.73;0;8;7.89;44.4;59.67;1;10;15.71;42.55;32.7;54.02;37.65;42.23;69.88;62.41;52.37;30.92;53.17;65.94;44.37;70.27;69.39;74.96;54.58;58.81;71.21;56.71;42.48;43.27;53.58;30.64;Manish Reddy;8;83.1;Aditya Roy;9578333394;COVID-19 related;Male;Graduate
0;6;16.39;17.13;73.02;1;1;16.49;43.1;58.15;0;1;12.01;68.45;64.74;29.0;58.81;46.92;51.24;39.08;76.22;65.6;38.9;29.98;44.21;56.52;53.6;68.8;61.85;64.54;54.9;29.16;47.06;65.9;49.23;57.55;Meera Jain;1;73.3;Neha Iyer;9976659977;Financial issues;Male;Dropout
1;5;7.88;48.15;54.64;1;7;9.38;46.46;35.91;1;6;16.48;45.58;71.79;72.93;48.78;34.87;18.71;27.92;29.39;70.68;51.74;55.84;16.69;32.03;63.31;54.3;47.79;58.47;74.54;46.68;51.04;52.89;85.88;18.51;Ayesha Dutta;1;71.2;Kavya Mehta;9293253475;COVID-19 related;Male;Enrolled
0;0;11.54;58.5;40.14;0;4;11.8;60.67;96.69;1;10;15.23;37.28;43.64;43.2;23.07;45.05;60.99;30.89;65.73;57.32;38.99;47.88;73.97;61.0;50.13;46.43;51.15;42.32;18.43;80.63;52.33;55.97;49.13;38.97;Aditya Ghosh;3;83.2;Vicky Joshi;9227381397;Family responsibilities;Female;Dropout
0;4;5.6;84.16;31.48;0;1;7.87;43.4;69.32;0;10;12.06;31.46;68.82;60.97;58.08;60.74;85.92;82.78;39.7;74.36;55.75;57.49;24.62;47.44;37.81;62.42;66.07;18.88;49.67;66.83;47.2;60.94;55.27;55.12;Sunita Ghosh;7;72.8;Karan Nair;9984076542;Low attendance;Male;Graduate
0;3;7.13;33.18;60.64;0;6;12.08;47.92;43.64;1;3;10.78;65.7;44.97;29.88;61.15;46.93;50.47;74.11;49.69;54.34;32.32;46.7;59.14;26.67;53.01;51.51;50.62;65.56;55.02;72.17;35.1;52.04;51.27;33.96;Pooja Bose;1;71.7;Isha Reddy;9172253060;Health problems;Male;Graduate
1;3;20.0;49.74;57.58;1;2;12.34;39.3;22.69;0;6;9.18;29.12;75.56;48.27;44.81;63.34;33.17;38.5;51.02;65.43;57.53;53.72;51.17;56.0;53.02;34.55;50.69;33.89;51.22;42.79;88.09;49.4;28.94;47.99;Karan Reddy;1;86.5;Sai Roy;9410594268;Low attendance;Female;Dropout
0;5;18.69;41.16;26.26;1;8;15.27;29.29;43.46;1;6;10.97;48.96;60.34;39.75;45.89;49.79;52.24;51.47;56.54;62.66;55.89;56.8;26.27;50.75;57.19;60.93;39.61;40.11;41.39;58.05;65.51;43.89;63.62;51.85;Kavya Iyer;1;81.2;Karan Chowdhury;9889427990;Family responsibilities;Female;Dropout
0;4;11.15;61.2;54.88;0;7;20.0;37.22;57.77;0;8;9.88;36.96;49.84;52.06;93.77;47.24;33.05;54.1;18.88;48.62;50.24;61.92;64.6;42.45;47.74;38.51;33.08;54.65;30.9;43.78;35.07;58.25;77.02;30.48;Pooja Kumar;5;73.5;Neha Singh;9910048118;Failed semester;Female;Graduate
1;5;11.5;50.24;53.28;0;8;10.21;46.99;55.51;0;0;16.16;20.67;44.47;53.21;36.23;75.97;40.47;49.38;58.34;41.13;22.3;43.57;65.44;44.95;37.3;63.89;45.04;42.35;52.24;61.56;85.73;62.41;67.4;42.41;Pooja Mehta;3;52.8;Neha Das;9373799489;Low attendance;Female;Dropout
1;4;12.25;51.61;33.82;0;3;11.3;55.99;55.41;0;1;14.02;54.36;42.39;42.29;32.02;76.77;50.2;46.63;36.07;94.03;33.9;43.57;56.24;59.0;64.37;77.11;57.59;34.16;46.15;54.62;81.02;29.03;68.04;52.7;Priya Nair;1;62.7;Nikhil Patel;9302038796;COVID-19 related;Male;Graduate
1;4;11.59;37.36;61.26;1;7;14.62;64.58;49.8;1;4;9.6;26.62;62.29;56.36;35.51;41.92;43.0;27.76;37.73;32.99;43.81;38.92;25.59;80.34;68.79;38.31;54.09;56.26;67.87;37.72;66.38;41.78;29.96;60.86;Sunita Dutta;4;85.1;Ramesh Bose;9855665764;Low attendance;Female;Enrolled
1;3;20.0;32.0;60.48;1;5;10.36;61.75;27.94;1;0;6.95;38.36;51.18;40.38;59.89;65.4;58.99;74.28;56.24;31.75;70.45;40.92;63.66;73.61;56.85;27.56;36.23;69.84;47.46;51.19;61.38;60.44;54.18;46.87;Priya Joshi;8;90.5;Sakshi Gupta;9962017778;Disciplinary issues;Female;Enrolled
0;5;15.43;58.3;46.14;0;6;16.33;48.06;37.23;0;7;8.96;35.32;45.91;68.51;37.92;52.83;40.15;46.1;27.35;46.69;47.09;58.1;53.35;32.02;66.26;53.15;52.98;49.86;42.23;53.27;57.13;23.8;41.92;46.18;Simran Das;3;71.2;Aarav Iyer;9694113766;Part-time job;Female;Graduate
1;2;16.77;38.42;42.53;0;8;9.95;37.98;44.79;1;2;15.08;34.19;56.42;24.47;41.58;45.06;75.12;45.88;16.98;20.02;50.51;59.21;55.63;52.51;67.43;41.91;63.42;25.52;36.43;22.89;45.88;49.31;51.71;50.93;Karan Khan;5;78.1;Anju Dutta;9876914430;Moved abroad;Female;Graduate
1;2;11.24;27.54;70.45;0;1;10.79;42.67;73.83;0;0;7.03;33.12;33.56;48.98;56.47;61.1;88.58;16.26;59.13;41.64;41.2;40.7;36.37;75.27;62.63;50.35;70.27;27.31;30.04;17.33;39.51;52.43;51.54;52.24;Ayesha Ghosh;1;63.9;Deepak Verma;9179811669;Moved abroad;Male;Enrolled
0;0;15.21;53.59;61.0;1;0;4.43;54.67;32.18;0;8;10.41;58.02;51.37;37.23;50.09;27.03;67.25;46.92;66.78;42.1;42.15;38.54;63.14;39.36;59.67;44.26;20.36;41.45;32.31;50.51;32.14;63.89;48.63;47.34;Saanvi Roy;8;58.1;Rohit Verma;9763395529;Moved abroad;Female;Dropout
0;1;15.86;49.7;38.43;0;8;4.9;39.71;40.74;0;3;12.43;44.82;60.32;40.81;49.14;67.76;55.13;49.1;40.97;40.5;37.24;41.88;61.33;46.67;29.75;76.52;54.8;28.9;43.37;51.66;75.57;33.38;64.64;70.99;Sunita Iyer;5;82.9;Aarav Roy;9973120912;Disciplinary issues;Female;Enrolled
1;7;10.89;34.46;46.95;0;3;11.85;59.89;66.35;1;10;9.01;20.49;49.68;54.4;53.74;45.1;51.87;72.73;55.73;44.4;42.5;47.45;74.55;47.25;49.7;42.77;66.48;79.4;56.76;51.24;50.55;14.24;61.18;52.01;Saanvi Bose;5;67.5;Arun Joshi;9387037751;COVID-19 related;Female;Graduate
0;2;9.15;44.23;43.83;0;7;16.09;44.32;81.24;1;10;13.72;30.86;48.07;40.22;17.08;73.99;60.55;58.0;52.48;29.27;42.75;62.63;34.23;12.02;46.59;47.87;52.03;60.93;59.56;53.88;67.93;27.22;57.57;59.4;Arun Patel;1;80.1;Aditya Nair;9507231644;Personal reasons;Female;Graduate
1;4;5.99;38.81;40.08;0;1;15.01;40.78;37.15;1;8;9.55;66.78;50.2;47.31;48.35;69.38;38.76;69.73;53.16;47.59;87.51;34.17;44.69;31.51;64.29;75.34;75.05;68.36;47.04;44.52;24.93;80.54;57.03;42.62;Meera Khan;2;60.1;Varun Roy;9145689604;Low attendance;Male;Enrolled
1;1;8.11;56.1;47.41;1;2;14.55;49.05;28.24;0;9;12.3;65.73;49.56;61.63;34.32;49.61;40.63;61.2;50.47;60.35;66.32;60.37;54.1;35.03;49.96;42.0;44.84;44.38;35.3;20.64;39.98;52.9;29.78;50.24;Simran Verma;3;90.9;Ayesha Khan;9116812751;Low attendance;Male;Enrolled
1;0;16.09;74.65;55.87;0;6;16.67;39.14;40.33;0;1;1.04;67.79;73.1;41.7;46.19;38.69;55.74;66.87;23.86;56.14;45.85;51.7;56.88;47.18;48.45;46.79;64.55;56.28;53.31;30.94;44.32;63.48;50.57;59.89;Arun Nair;6;97.8;Neha Kumar;9948790854;Disciplinary issues;Male;Dropout
1;7;16.15;51.4;42.34;0;5;1.79;47.47;45.11;1;6;13.56;47.69;45.19;23.31;35.9;57.15;75.74;48.54;54.92;64.29;37.84;55.5;38.89;62.97;52.27;54.48;38.26;60.61;81.27;34.88;44.9;53.47;61.8;41.61;Rahul Bose;7;96.2;Anju Khan;9131810311;Moved abroad;Female;Enrolled
0;4;17.44;61.41;23.86;0;6;9.57;73.52;71.72;0;6;15.75;47.36;51.24;48.04;66.92;36.86;37.91;65.15;49.33;70.68;39.93;49.18;36.16;50.11;27.82;42.69;28.46;60.41;60.75;24.05;70.01;87.46;50.69;40.38;Ananya Chowdhury;7;41.0;Aditya Bose;9417161302;COVID-19 related;Male;Enrolled
0;2;6.72;50.3;52.69;0;2;17.38;55.4;42.52;1;7;8.2;44.87;34.9;50.72;41.54;27.59;68.83;42.53;30.98;47.48;51.03;23.8;54.97;34.29;75.67;57.86;44.0;38.82;48.43;59.19;49.62;46.74;50.88;40.94;Rahul Joshi;2;100.0;Aditya Sharma;9430999662;Lack of interest;Female;Enrolled
1;6;3.66;64.61;54.48;0;4;8.91;78.48;51.31;1;6;7.86;62.85;55.97;55.92;43.61;56.76;46.07;58.34;21.43;43.49;75.83;38.49;40.94;43.28;31.78;16.88;46.54;52.04;49.21;47.83;50.65;65.34;47.14;41.39;Karan Ghosh;7;70.9;Arjun Sharma;9196227496;Transfer to another college;Male;Dropout
1;4;14.32;71.18;40.58;1;7;12.4;55.08;35.11;0;1;12.08;28.01;23.46;55.5;44.24;53.03;49.73;35.35;49.32;31.5;70.86;29.66;47.06;34.37;58.56;45.03;42.22;62.8;50.44;57.75;35.28;28.93;51.61;45.22;Anju Patel;4;71.6;Simran Roy;9282088279;Moved abroad;Female;Graduate
0;10;11.68;53.08;25.65;1;9;19.55;47.54;60.46;0;7;8.66;54.62;30.46;56.78;44.66;50.44;60.47;31.51;39.73;56.86;81.47;47.93;58.87;48.4;79.13;23.79;51.42;25.62;12.4;54.46;52.09;45.73;48.41;96.47;Ananya Mehta;5;82.5;Pooja Jain;9619939412;COVID-19 related;Male;Graduate
1;7;14.04;40.26;54.43;1;6;11.05;43.84;77.28;0;4;16.71;52.05;15.44;44.58;90.55;46.54;66.55;71.63;53.28;37.37;13.47;60.26;37.78;52.64;31.25;46.02;50.51;54.03;33.28;67.95;41.05;24.88;48.36;50.52;Arjun Kumar;5;71.9;Aarav Nair;9456715514;Part-time job;Female;Enrolled
1;9;17.45;46.45;48.21;0;5;7.59;62.31;52.76;1;4;10.32;21.43;71.67;31.58;41.13;55.38;32.05;27.6;18.14;60.81;41.82;93.91;35.08;36.18;41.52;53.65;42.95;59.18;35.32;29.28;23.03;16.65;42.23;45.49;Rahul Bose;4;76.9;Riya Khan;9290736564;Personal reasons;Female;Graduate
0;7;16.97;68.42;44.98;0;7;4.82;41.5;41.0;1;1;9.37;39.53;40.2;44.2;40.47;53.12;55.41;36.34;69.07;35.3;25.73;55.71;37.74;54.82;13.94;70.89;60.08;27.49;27.82;75.08;38.94;37.49;16.01;44.74;Arun Nair;6;67.4;Arjun Chowdhury;9314533665;Part-time job;Male;Dropout
1;1;14.86;29.01;27.2;1;9;13.8;65.1;26.43;1;9;16.33;50.56;66.38;48.95;12.17;47.72;65.9;36.59;44.18;47.36;6.51;75.07;36.48;57.59;48.7;68.86;56.09;46.48;36.6;61.97;21.9;59.69;33.51;68.78;Arun Mehta;8;72.3;Sai Jain;9359868249;Academic difficulty;Male;Enrolled
0;10;14.58;51.23;23.71;1;2;8.56;60.09;52.5;0;9;16.72;56.05;35.5;38.06;51.54;15.29;75.1;56.63;68.41;26.29;68.67;83.47;30.19;61.57;50.02;26.83;57.39;62.5;40.98;67.49;25.0;27.58;52.05;50.38;Neha Ghosh;7;76.9;Karan Verma;9949030118;Transfer to another college;Male;Graduate
0;7;15.24;57.96;62.87;1;6;11.51;59.04;43.32;1;10;20.0;37.81;81.58;50.52;29.37;70.52;51.89;62.77;68.36;55.07;41.12;64.64;50.01;60.29;17.69;56.7;40.42;74.8;59.35;53.6;57.29;35.02;74.35;79.87;Vicky Nair;6;66.4;Meera Mehta;9213757100;Financial issues;Male;Graduate
0;1;18.36;41.46;38.04;0;5;12.16;56.52;44.09;1;5;14.15;54.6;35.03;57.78;62.95;52.57;67.29;31.74;57.02;32.45;33.29;40.54;35.87;41.78;46.79;62.56;45.18;26.22;67.1;37.44;49.12;56.7;52.99;66.41;Simran Roy;3;79.7;Rohit Sharma;9618371508;Health problems;Female;Graduate
1;0;8.55;82.68;52.92;0;0;11.41;64.46;53.74;1;10;13.6;87.38;45.87;45.23;51.75;66.07;27.4;20.52;41.19;25.49;43.63;57.54;36.64;28.6;51.04;62.94;24.58;62.3;62.26;64.31;68.28;83.03;44.66;51.64;Sakshi Reddy;8;80.7;Rohit Dutta;9204821934;Lack of interest;Female;Graduate
1;3;12.01;72.99;29.82;1;10;8.56;70.66;65.3;0;2;10.55;62.82;55.12;72.5;51.12;65.38;89.63;58.97;50.74;60.84;44.52;85.82;52.7;45.91;37.46;66.46;63.01;42.54;58.65;27.37;52.77;56.79;75.61;38.44;Arjun Singh;4;70.0;Deepak Singh;9692609167;Family responsibilities;Female;Dropout
0;3;8.42;29.95;70.05;1;1;18.19;54.8;68.32;0;8;12.54;48.57;45.0;45.34;26.78;53.96;49.39;61.18;51.4;47.56;36.93;51.08;61.07;32.85;51.31;53.5;39.23;41.18;53.46;33.0;55.25;36.57;65.94;85.07;Vicky Mehta;7;59.7;Aarav Bose;9311875497;Lack of interest;Female;Graduate
1;9;14.14;39.1;65.61;1;9;6.94;57.21;36.91;1;9;11.17;34.53;62.34;37.45;58.28;44.84;48.28;52.22;38.57;53.16;72.96;38.33;67.58;72.47;37.76;28.17;54.53;41.79;78.03;50.52;37.97;32.79;66.35;41.43;Ananya Joshi;6;64.7;Saanvi Thomas;9222358216;Academic difficulty;Female;Dropout
0;10;15.82;42.74;49.31;0;5;11.93;60.25;58.86;0;3;11.12;50.95;44.42;27.84;53.86;78.38;36.74;38.4;36.94;60.87;56.73;47.62;36.23;51.39;26.53;52.15;63.07;31.23;27.01;73.69;40.82;67.04;47.69;47.57;Arjun Joshi;6;75.5;Nikhil Thomas;9762888128;Family responsibilities;Female;Enrolled
1;6;8.46;51.99;44.28;0;7;6.72;55.06;46.05;0;8;11.37;31.85;73.87;63.15;64.46;45.42;24.06;79.29;49.08;38.77;56.25;67.51;49.65;69.18;66.24;33.85;39.89;64.36;9.31;47.76;28.54;42.85;45.52;44.63;Kavya Gupta;3;80.3;Rohit Kumar;9648494024;Personal reasons;Female;Dropout
0;7;7.61;84.38;78.01;0;3;7.35;73.73;44.01;1;8;12.52;49.05;40.1;64.76;51.89;42.85;30.43;36.6;25.38;50.18;32.05;46.02;70.55;67.99;49.52;48.69;78.2;57.81;45.08;28.61;55.91;62.44;40.53;54.37;Ananya Dutta;5;68.4;Sai Singh;9437777716;Lack of interest;Male;Enrolled
0;9;11.26;12.68;46.67;0;3;15.88;40.53;50.79;1;0;8.98;55.41;46.75;35.91;69.99;63.93;40.93;57.47;58.06;59.63;24.59;65.1;41.45;44.63;89.57;54.53;44.21;16.92;70.85;29.82;34.95;45.03;71.25;61.6;Deepak Dutta;7;70.6;Manish Dutta;9546279777;Disciplinary issues;Female;Graduate
0;9;13.23;40.99;52.09;0;4;12.29;64.53;64.51;1;8;13.98;44.56;61.13;48.62;33.77;43.95;51.27;63.65;47.25;31.86;50.85;51.7;52.79;63.8;65.28;41.09;40.76;34.4;60.48;71.73;45.27;46.38;72.0;57.58;Priya Das;5;73.1;Ananya Thomas;9707362554;Disciplinary issues;Female;Dropout
0;7;7.24;60.18;36.06;1;5;7.46;44.8;41.21;0;7;11.11;28.39;64.38;66.92;20.79;64.68;37.84;62.85;48.97;50.43;47.22;68.18;31.41;59.12;66.52;60.75;84.87;42.07;64.36;48.41;68.5;49.88;44.18;69.59;Arun Verma;8;80.2;Karan Reddy;9556506372;Health problems;Male;Graduate
0;3;6.35;42.25;59.29;0;0;17.57;51.67;69.77;1;8;6.57;43.35;45.67;48.28;51.26;60.36;43.33;52.09;49.32;36.11;48.29;47.85;47.52;50.48;51.14;43.52;69.09;32.46;39.19;91.7;34.43;29.69;61.02;18.84;Nikhil Gupta;4;69.1;Saanvi Chowdhury;9839951555;Transfer to another college;Female;Graduate
0;2;20.0;26.83;20.27;1;0;6.0;63.48;66.87;1;10;9.95;60.25;70.85;76.81;46.3;15.48;37.69;43.6;46.12;47.18;66.78;69.12;47.42;66.48;55.36;50.97;63.6;51.08;80.87;28.42;42.27;48.1;56.59;69.02;Priya Bose;3;72.2;Rahul Jain;9410669201;Part-time job;Female;Enrolled
1;10;6.31;62.64;61.32;1;6;4.23;49.94;26.15;1;1;9.34;36.46;62.14;51.75;30.72;63.2;28.49;54.95;37.79;44.51;57.56;57.82;70.05;48.77;54.6;43.43;52.73;56.59;48.53;22.94;54.97;55.47;39.8;30.73;Sai Kumar;4;74.7;Sai Khan;9989575564;Low attendance;Female;Graduate
1;9;13.97;46.56;32.94;0;1;8.71;69.54;52.06;1;10;9.8;57.65;37.78;72.51;70.29;43.0;40.57;10.73;27.78;29.91;52.03;45.11;29.82;45.78;57.58;57.92;21.5;48.08;29.25;63.53;61.76;36.53;38.51;43.08;Vicky Patel;7;92.7;Deepak Iyer;9845932321;Transfer to another college;Female;Enrolled
1;4;13.34;45.91;64.55;1;4;7.61;40.71;27.4;1;8;7.98;32.27;64.94;39.53;51.86;44.29;30.96;47.48;58.99;31.88;62.14;37.25;42.76;57.96;40.05;50.56;45.28;51.94;14.29;22.55;59.24;65.56;36.34;46.34;Manish Joshi;2;48.0;Meera Ghosh;9527044165;Low attendance;Female;Enrolled
1;0;14.77;19.58;36.71;0;2;10.67;60.55;87.48;1;7;11.09;28.9;56.03;69.81;51.62;36.4;64.37;59.95;34.61;55.72;64.96;67.73;49.0;44.63;68.41;31.85;56.58;29.45;65.98;46.13;69.03;57.37;31.65;71.37;Simran Kumar;8;78.5;Meera Khan;9832884547;COVID-19 related;Male;Graduate
1;1;15.53;38.58;45.41;1;4;12.58;39.44;75.39;0;5;12.58;9.45;55.09;44.78;48.88;44.47;62.11;66.8;54.25;44.91;49.38;50.29;37.96;58.68;56.9;73.11;68.83;39.71;62.3;35.74;60.44;42.25;34.65;54.2;Aarav Mehta;4;93.6;Ramesh Kumar;9797929178;Academic difficulty;Male;Enrolled
0;1;5.0;47.34;51.24;0;3;10.52;26.31;37.73;1;1;13.56;58.73;49.76;67.35;55.96;38.79;45.79;28.96;48.38;66.68;60.28;71.03;45.46;70.19;47.1;72.07;49.67;60.61;72.13;47.1;53.28;69.33;48.0;30.19;Manish Singh;1;42.9;Neha Jain;9879524067;Disciplinary issues;Male;Graduate
1;2;10.12;52.38;67.34;1;1;9.57;34.88;53.81;0;6;4.83;45.68;53.68;45.95;26.85;73.91;51.55;71.47;46.1;36.8;54.04;46.76;32.33;72.05;40.67;22.4;69.92;42.44;40.88;23.52;76.11;30.66;50.88;63.69;Sai Chowdhury;4;100.0;Deepak Thomas;9109971784;Financial issues;Female;Enrolled
0;10;11.76;24.48;37.85;0;1;12.75;38.19;53.05;0;9;14.73;64.44;31.61;82.95;61.51;49.97;66.34;85.48;28.42;46.62;14.32;52.89;55.48;49.41;40.18;19.26;55.6;71.83;41.13;56.6;26.48;56.86;44.1;38.56;Aditya Gupta;2;80.1;Rahul Joshi;9421322967;Family responsibilities;Female;Enrolled
1;3;10.43;55.74;30.32;0;1;10.41;49.38;33.51;0;1;19.19;37.2;39.96;35.33;76.98;58.29;35.95;66.59;53.01;53.86;44.83;38.76;55.07;41.82;77.25;30.96;73.04;48.33;54.49;62.5;40.55;62.96;9.39;39.2;Vicky Singh;8;65.9;Rohit Reddy;9774395804;Disciplinary issues;Male;Enrolled
0;3;6.99;46.78;55.79;1;0;14.81;53.61;40.01;1;3;13.48;51.86;64.04;61.65;50.46;36.54;40.21;41.75;45.27;54.02;60.73;49.23;50.24;52.15;42.26;36.12;23.67;39.57;57.1;39.46;46.43;57.0;57.81;33.81;Simran Nair;6;63.9;Pooja Khan;9949412096;Family responsibilities;Male;Graduate
0;7;16.51;33.05;37.64;1;1;16.76;47.8;16.7;0;7;6.4;46.26;32.55;43.8;50.49;71.93;45.64;66.09;71.43;71.51;54.27;20.55;56.91;65.73;48.78;76.17;62.9;58.52;66.3;55.0;12.61;42.51;67.96;37.89;Deepak Bose;4;87.0;Sunita Nair;9417335858;Moved abroad;Male;Enrolled
1;5;7.82;76.76;75.22;0;7;8.46;52.21;39.79;0;0;14.46;57.65;62.18;54.98;94.03;34.58;24.34;44.1;26.48;27.61;34.98;36.17;35.68;57.77;42.41;47.31;63.41;38.51;46.03;55.49;20.88;14.23;55.19;57.38;Vicky Bose;2;72.3;Deepak Sharma;9487726245;Transfer to another college;Male;Graduate
1;6;12.63;62.3;47.07;1;1;13.19;75.01;18.14;0;4;13.65;82.03;54.23;74.76;40.56;49.52;50.5;16.74;32.48;33.55;62.33;63.08;54.86;62.36;47.54;68.03;50.13;50.87;46.02;60.27;43.68;64.65;33.02;33.52;Simran Patel;1;99.8;Priya Reddy;9142763764;Financial issues;Female;Dropout
0;4;11.65;43.19;63.35;1;3;9.57;47.0;70.99;0;3;18.16;73.59;45.77;68.46;35.77;36.4;14.74;75.09;37.04;48.1;36.35;60.43;44.37;30.43;56.62;28.49;37.44;18.4;28.64;52.68;20.53;27.78;49.96;41.85;Aditya Jain;2;83.2;Deepak Reddy;9967647911;Family responsibilities;Female;Graduate
0;1;19.34;36.98;58.36;0;2;15.0;41.04;27.57;0;2;11.95;47.41;43.46;56.63;38.74;32.72;51.64;55.79;32.35;63.92;23.44;41.33;46.13;40.46;41.52;78.07;37.24;86.62;56.56;51.38;57.14;87.95;35.1;33.19;Aditya Mehta;2;98.9;Sakshi Bose;9753728820;Financial issues;Female;Dropout
0;0;12.13;24.11;50.34;1;6;18.77;52.27;45.61;1;8;9.53;63.48;37.61;77.7;79.0;53.85;49.83;65.46;66.42;37.91;42.1;30.16;56.14;60.0;29.75;43.17;29.79;36.52;58.27;39.0;45.49;25.59;52.8;49.34;Riya Joshi;5;65.9;Ananya Joshi;9236290703;Disciplinary issues;Female;Enrolled
0;5;11.24;52.7;37.78;0;4;6.09;77.08;40.5;0;9;11.61;65.16;102.94;31.33;56.75;39.39;41.92;39.2;33.12;49.38;27.88;64.2;50.83;56.34;43.01;44.49;54.31;32.54;44.63;37.11;36.64;18.35;70.09;39.7;Aditya Iyer;2;66.3;Riya Thomas;9648447868;Transfer to another college;Male;Graduate
1;5;16.28;30.71;33.67;1;2;20.0;76.26;49.53;0;0;13.03;40.54;56.49;39.24;19.51;30.18;50.32;33.03;48.99;33.88;38.26;62.8;53.71;49.86;63.18;57.21;71.7;43.1;43.56;30.48;43.57;64.47;69.5;64.4;Manish Gupta;4;89.0;Sunita Roy;9102757916;Financial issues;Male;Graduate
0;9;16.33;22.42;63.47;1;1;10.53;60.54;30.01;0;2;16.68;28.03;39.97;35.03;23.69;51.42;77.09;90.0;51.46;66.75;53.48;57.48;44.87;52.93;58.06;41.32;48.84;49.12;62.4;34.01;49.23;78.68;67.46;70.24;Karan Mehta;4;53.5;Rahul Das;9546952114;Disciplinary issues;Female;Graduate
1;0;13.28;65.03;73.4;1;3;4.19;30.27;69.64;1;9;10.89;39.92;31.19;41.67;28.96;81.37;49.66;49.13;58.82;64.44;64.19;66.1;40.54;45.53;61.54;42.09;49.92;55.98;61.78;23.33;60.72;46.49;60.61;61.65;Isha Roy;1;75.3;Neha Patel;9599391065;Academic difficulty;Female;Graduate
0;2;17.41;70.2;71.66;0;6;13.17;50.48;63.09;0;3;14.93;45.36;56.07;49.47;37.19;69.36;50.83;80.73;25.62;41.65;50.49;67.06;55.99;54.66;33.09;32.65;54.84;29.54;42.02;57.51;35.27;74.08;68.36;26.43;Meera Jain;4;94.3;Sakshi Joshi;9735323297;Lack of interest;Male;Enrolled
1;1;2.86;38.26;61.5;0;8;10.34;56.91;27.16;0;6;15.19;41.67;50.18;48.61;30.93;32.7;64.52;55.98;65.75;54.87;52.14;24.11;45.94;49.59;79.3;60.3;73.04;58.96;39.33;51.76;53.54;35.91;44.23;46.91;Karan Joshi;1;63.8;Rahul Sharma;9914893975;Moved abroad;Female;Enrolled
1;5;3.68;68.09;35.95;1;1;6.51;67.7;60.98;0;8;17.02;62.01;80.9;58.38;47.65;55.14;68.65;38.31;40.22;45.37;18.43;52.07;21.71;50.8;62.98;42.85;75.16;28.09;67.87;60.13;24.26;90.66;49.04;36.84;Riya Verma;3;94.3;Ramesh Iyer;9199886596;Financial issues;Male;Enrolled
1;5;11.12;48.09;51.54;1;5;10.81;59.5;44.19;1;7;4.26;47.76;14.49;55.31;35.31;52.45;69.71;35.77;65.92;43.5;76.3;44.52;37.39;60.31;43.46;37.38;42.83;49.33;70.13;20.99;50.35;59.37;52.9;69.65;Sai Nair;2;58.1;Simran Chowdhury;9166875719;Personal reasons;Male;Graduate
0;7;11.26;58.88;51.49;1;5;10.44;57.74;40.21;1;1;9.56;42.08;70.3;1.68;55.93;50.51;24.79;54.65;57.14;58.84;10.22;70.5;38.93;60.3;61.12;36.85;59.91;44.22;18.93;67.52;38.37;37.18;43.95;54.08;Priya Das;2;74.1;Saanvi Kumar;9937450959;COVID-19 related;Male;Graduate
1;9;14.19;29.91;38.86;0;3;11.54;78.47;48.29;1;2;16.34;50.58;42.75;46.3;47.47;59.05;70.62;55.4;67.81;35.53;43.78;39.14;54.72;44.62;60.95;36.03;50.65;60.3;19.02;81.82;45.75;19.62;52.37;50.5;Karan Joshi;4;74.3;Sakshi Jain;9597514616;Academic difficulty;Male;Graduate
0;0;15.96;61.21;54.47;1;7;13.8;48.43;76.63;0;1;6.08;52.09;50.98;62.2;37.34;23.84;52.35;54.22;72.34;30.94;67.32;85.51;44.33;30.64;43.9;50.21;58.46;41.13;73.33;33.28;23.91;66.6;15.88;46.94;Aditya Das;6;74.0;Neha Roy;9152560325;Moved abroad;Female;Graduate
1;5;11.95;33.19;49.14;0;9;11.8;52.41;59.93;1;1;7.84;75.31;53.68;60.9;40.58;69.3;46.14;54.16;36.0;35.05;60.32;43.35;37.19;40.35;60.48;40.56;48.24;50.23;21.24;27.93;55.04;38.94;65.85;64.5;Sakshi Gupta;3;100.0;Arjun Sharma;9166216779;COVID-19 related;Male;Graduate
1;1;19.28;48.75;59.73;0;7;9.66;86.79;79.75;0;2;12.05;55.8;70.39;47.79;40.15;63.11;51.18;52.74;37.49;24.23;53.54;63.57;46.61;71.55;39.44;34.18;48.99;48.76;61.55;38.38;70.52;79.5;49.41;68.75;Aarav Patel;4;83.6;Varun Thomas;9968977829;Family responsibilities;Male;Enrolled
0;5;16.3;65.71;62.95;0;2;11.94;5.69;40.37;1;4;9.5;35.33;51.83;43.72;37.63;34.12;39.27;66.82;40.08;42.28;43.15;55.08;56.84;4.33;65.32;71.55;34.25;35.42;43.25;38.66;53.36;20.8;33.23;73.09;Ayesha Chowdhury;7;62.3;Arun Nair;9632711663;Financial issues;Female;Dropout
1;0;16.97;55.33;22.86;0;4;14.54;48.23;43.17;1;2;12.98;57.12;60.61;67.67;56.12;29.37;42.9;94.15;60.87;85.54;70.93;53.63;54.52;49.45;23.93;50.27;68.16;41.01;56.18;62.77;36.35;43.23;34.73;37.67;Sakshi Kumar;1;63.9;Ankit Bose;9762474187;Low attendance;Female;Graduate
1;7;8.4;71.29;36.27;1;5;12.51;42.46;67.68;1;6;17.24;62.96;54.59;46.53;32.12;79.15;38.6;59.95;65.89;41.67;65.57;61.46;75.92;42.96;30.71;42.42;53.13;50.87;44.1;21.36;57.06;79.59;56.96;59.14;Pooja Reddy;4;59.5;Vicky Ghosh;9953459662;Financial issues;Female;Enrolled
1;8;13.59;63.97;55.93;1;9;10.75;38.06;46.27;0;2;13.26;45.26;54.72;56.59;62.5;69.24;51.17;30.38;44.82;50.66;22.46;70.83;52.14;55.72;70.48;40.55;58.61;48.35;47.24;38.42;74.98;44.37;60.49;21.87;Priya Singh;1;81.9;Rahul Bose;9335171142;Financial issues;Female;Graduate
0;9;16.21;51.46;46.6;1;5;13.6;84.33;23.55;0;2;15.13;36.33;49.7;46.28;43.58;49.84;32.99;65.44;23.09;58.1;45.1;32.44;53.04;26.65;50.6;28.66;56.92;36.13;43.24;54.41;38.41;49.13;27.29;59.46;Arjun Das;4;89.2;Priya Ghosh;9976479512;COVID-19 related;Male;Enrolled
0;9;20.0;51.37;61.82;0;7;4.88;72.54;61.64;1;2;10.06;68.56;46.18;43.13;57.13;34.05;65.32;34.16;34.25;36.35;61.39;40.75;29.78;40.91;49.52;32.29;32.72;81.67;37.09;45.15;44.49;43.68;59.32;64.22;Isha Chowdhury;6;96.2;Meera Joshi;9735185398;Financial issues;Female;Enrolled
0;5;7.05;69.12;48.57;0;2;18.92;16.32;52.93;1;2;19.67;44.7;46.62;54.43;41.62;45.32;44.93;40.59;68.43;56.92;53.76;62.13;46.03;38.39;40.96;50.03;34.11;42.5;42.26;81.87;8.39;47.31;75.89;51.83;Riya Verma;2;71.3;Vivaan Das;9746030501;Low attendance;Male;Dropout
1;1;12.4;39.99;16.37;1;10;12.82;38.37;37.99;1;9;10.0;76.17;86.07;53.26;43.03;32.34;57.03;76.74;46.29;14.32;60.05;64.78;26.21;52.65;56.77;48.9;38.14;65.24;43.95;27.72;19.26;68.91;59.25;51.32;Ayesha Khan;1;84.0;Aarav Kumar;9729866807;Disciplinary issues;Male;Enrolled
1;10;9.88;33.86;43.53;1;2;3.52;38.96;45.34;1;3;14.44;49.4;61.92;70.24;65.87;57.06;50.18;35.29;61.1;75.2;55.13;78.76;27.12;32.69;62.83;53.96;69.71;49.77;36.98;46.8;27.01;33.07;64.59;63.09;Arjun Khan;5;69.7;Rahul Kumar;9269118504;Disciplinary issues;Female;Enrolled
0;9;5.12;44.62;31.63;1;9;16.71;41.24;33.71;0;2;12.12;40.4;72.26;38.98;29.01;17.71;49.54;41.57;28.57;67.84;60.01;49.58;70.46;59.94;37.66;34.41;62.27;55.95;52.55;37.3;59.12;38.67;48.47;71.7;Manish Chowdhury;3;79.4;Neha Jain;9888121101;Disciplinary issues;Female;Graduate
0;3;5.71;34.21;64.91;1;5;13.02;48.07;42.36;0;10;13.94;37.26;54.58;39.03;36.54;40.44;44.37;49.27;53.53;-5.33;37.89;44.13;72.58;33.8;52.44;72.43;30.31;55.91;37.97;42.43;37.95;39.02;90.83;62.67;Ankit Khan;4;67.1;Vicky Chowdhury;9211787506;Lack of interest;Male;Graduate
1;4;13.97;25.91;55.92;0;0;16.29;37.2;64.48;0;6;14.82;77.78;43.73;33.54;44.58;71.53;22.57;18.97;51.34;43.36;50.12;64.18;41.71;21.9;80.67;35.04;34.11;66.56;44.23;49.05;57.24;66.25;45.0;72.8;Varun Patel;6;88.2;Sakshi Sharma;9384769690;Low attendance;Male;Dropout
0;7;15.04;37.41;70.58;0;2;12.57;39.91;59.94;1;1;15.57;59.63;34.55;42.74;49.94;49.38;61.25;19.78;55.01;45.65;37.42;38.86;46.78;-4.02;39.48;36.86;57.99;37.92;46.77;73.13;64.92;63.53;42.5;58.15;Sakshi Mehta;3;49.4;Varun Mehta;9629442753;Personal reasons;Female;Dropout
1;2;11.22;56.15;41.05;0;8;17.97;47.6;59.28;0;5;17.82;65.47;28.87;56.67;62.76;63.38;33.3;40.14;64.92;38.57;45.5;73.64;49.28;39.1;36.84;54.99;30.0;46.29;55.0;69.49;60.01;39.29;67.68;45.51;Meera Verma;5;72.2;Aarav Khan;9380383739;Health problems;Male;Graduate
1;2;11.31;71.57;52.48;0;1;12.05;74.56;28.53;1;3;6.86;25.76;55.59;52.5;73.14;53.65;43.94;50.03;51.77;24.92;90.65;57.8;53.15;59.23;60.64;47.89;40.53;58.99;55.79;37.85;71.29;54.4;60.95;70.88;Ankit Bose;8;60.2;Ramesh Sharma;9563129902;Moved abroad;Male;Dropout
1;2;13.27;62.15;39.13;0;5;12.22;51.88;35.66;0;6;20.0;28.89;30.53;69.71;60.7;34.61;59.11;72.02;49.55;88.98;24.14;60.41;67.5;63.37;46.93;45.64;56.66;62.24;59.04;65.6;34.72;46.58;35.9;44.21;Saanvi Mehta;5;75.3;Manish Jain;9419331516;Low attendance;Male;Graduate
0;7;12.43;89.1;52.9;0;4;12.24;51.59;40.43;1;7;11.77;66.92;51.71;38.1;36.12;43.25;51.11;67.9;29.89;45.2;52.16;22.49;37.5;39.8;38.06;52.88;47.59;41.67;56.42;75.85;74.59;21.16;58.66;47.33;Aditya Jain;8;87.2;Saanvi Gupta;9127633490;Low attendance;Male;Dropout
1;2;10.41;51.76;52.27;1;0;9.68;36.55;43.27;1;7;12.94;58.98;62.8;42.59;54.26;64.44;67.48;49.12;46.69;52.87;32.75;47.1;61.17;59.63;45.95;53.27;37.63;60.55;48.83;45.86;44.57;49.06;43.28;59.87;Riya Iyer;2;76.9;Vicky Ghosh;9516104074;Family responsibilities;Female;Enrolled
0;1;18.37;71.98;36.63;1;8;12.28;40.24;45.1;1;9;20.0;45.39;55.4;58.12;34.99;37.17;31.91;36.71;7.25;58.17;80.81;52.22;28.76;40.36;43.12;34.74;62.9;62.15;32.67;60.88;72.9;78.54;92.98;36.47;Sakshi Iyer;4;70.3;Arun Iyer;9705855162;Financial issues;Male;Enrolled
1;9;10.58;41.11;54.91;0;7;9.67;55.99;30.2;1;1;11.04;69.28;49.14;52.12;57.13;67.56;25.17;58.77;45.98;52.5;65.9;32.09;34.81;20.97;41.76;69.96;48.19;29.9;42.71;27.68;33.12;55.83;32.39;66.69;Isha Ghosh;1;100.0;Arun Nair;9978755907;Failed semester;Female;Enrolled
0;0;12.34;45.82;61.59;1;1;15.13;55.03;58.47;1;3;11.15;58.13;44.93;50.03;45.88;43.14;39.66;57.02;69.66;67.57;31.15;69.34;45.23;59.01;36.41;52.13;54.71;27.73;59.12;70.19;47.38;70.4;47.15;62.74;Neha Verma;3;74.1;Arjun Thomas;9285627380;Family responsibilities;Male;Enrolled
1;8;20.0;72.43;45.73;1;0;4.11;54.32;28.34;1;1;13.78;56.17;35.88;66.81;62.08;64.64;50.13;28.77;64.67;45.94;29.15;70.28;81.49;49.38;82.39;51.37;44.29;40.54;74.56;38.3;61.03;41.61;43.1;65.45;Arun Kumar;5;48.4;Rahul Patel;9193445007;Personal reasons;Female;Dropout
0;4;10.38;66.99;73.96;1;6;14.58;40.18;42.34;1;6;12.32;54.81;35.18;60.85;51.28;24.26;36.07;42.44;48.91;78.34;53.57;37.39;53.31;44.72;54.87;58.71;68.14;49.64;74.58;63.62;39.39;83.15;54.9;37.47;Pooja Kumar;3;70.4;Simran Chowdhury;9725644753;COVID-19 related;Male;Enrolled
1;0;20.0;49.5;42.45;1;5;11.31;60.72;69.17;0;0;14.28;51.53;72.47;45.31;65.46;45.68;56.47;48.3;49.16;44.34;70.17;39.01;38.9;81.81;64.67;14.22;41.52;22.82;35.74;2.92;47.95;32.87;50.9;25.62;Vicky Dutta;8;94.8;Vivaan Singh;9395723682;Personal reasons;Male;Dropout
1;10;10.34;72.53;71.17;0;3;15.14;45.1;79.78;0;4;5.79;28.95;48.74;83.81;46.96;47.25;28.37;64.19;64.3;61.84;40.56;39.4;30.6;51.26;33.79;32.34;43.64;42.66;41.93;57.0;51.19;45.68;52.75;35.13;Sunita Dutta;5;76.0;Varun Joshi;9121724902;Transfer to another college;Female;Graduate
0;6;12.6;27.45;64.94;1;8;8.47;51.35;67.47;1;0;15.7;50.52;44.56;64.21;60.12;40.72;38.08;18.91;52.31;48.76;67.04;55.39;70.01;39.54;67.07;42.07;61.66;28.12;53.53;20.23;45.99;56.61;42.19;34.24;Sunita Thomas;6;76.3;Priya Mehta;9749591392;Moved abroad;Male;Graduate
0;0;11.59;42.66;50.63;0;0;20.0;67.3;67.44;1;0;13.74;52.5;14.06;39.82;42.79;21.88;32.64;20.29;49.43;62.28;66.6;56.22;35.55;21.02;23.65;30.97;36.67;47.6;34.79;55.08;46.52;50.16;67.1;32.3;Deepak Singh;2;85.2;Kavya Roy;9533131502;Family responsibilities;Male;Graduate
0;10;11.94;45.0;63.28;0;3;15.52;35.8;47.27;1;7;13.12;45.9;58.78;54.22;77.49;27.05;48.16;36.37;59.06;25.74;55.19;40.55;38.99;28.3;43.02;66.27;49.62;59.42;74.97;53.96;41.62;57.01;41.84;42.43;Ayesha Joshi;4;80.0;Priya Joshi;9984233149;Lack of interest;Female;Dropout
1;1;15.71;44.21;52.73;1;0;7.86;56.54;38.57;1;0;11.43;63.17;61.86;49.67;23.48;94.89;76.19;60.84;38.7;48.3;41.85;68.96;53.94;38.24;42.94;66.82;74.0;72.92;61.36;46.21;1.38;54.46;49.97;52.1;Ankit Thomas;3;56.8;Nikhil Dutta;9730157871;Failed semester;Female;Graduate
1;8;6.69;58.36;59.48;0;10;14.73;64.2;59.06;0;7;10.36;48.94;51.37;51.62;64.97;59.66;81.16;83.1;51.19;-7.55;68.55;41.89;37.98;44.02;43.3;59.18;26.61;33.83;55.15;59.34;59.62;38.19;35.33;42.4;Ananya Chowdhury;4;75.6;Nikhil Das;9795118868;Low attendance;Male;Graduate
1;6;17.94;19.29;46.69;1;5;6.67;25.22;64.5;1;4;14.18;56.74;63.82;42.8;43.51;82.79;46.3;61.03;50.1;22.28;19.33;41.32;65.84;61.82;63.71;35.19;74.24;35.53;53.19;49.84;47.39;70.08;39.42;29.76;Ayesha Kumar;3;77.9;Ankit Sharma;9340271240;Academic difficulty;Female;Enrolled
0;8;10.4;100.66;60.15;1;8;10.36;34.16;21.8;1;4;7.9;51.72;71.41;66.83;53.44;45.15;54.03;42.22;75.78;47.16;48.7;16.76;47.07;62.55;33.98;38.74;61.89;27.85;65.87;42.02;44.17;33.14;55.67;86.9;Saanvi Thomas;5;75.2;Manish Roy;9985097007;Part-time job;Female;Dropout
1;10;8.54;67.03;45.25;1;3;17.5;62.1;5.85;0;8;7.98;64.17;52.27;34.64;40.5;21.41;48.67;83.16;62.07;82.86;63.24;65.41;79.61;55.66;47.19;65.49;71.81;42.8;39.18;52.08;62.47;61.97;28.64;78.67;Manish Gupta;8;84.4;Aditya Khan;9396871629;Moved abroad;Female;Enrolled
0;10;10.94;36.46;90.47;1;4;12.97;37.24;62.96;1;6;15.08;47.18;62.61;37.62;42.61;19.85;30.14;77.11;74.62;50.99;74.94;47.6;46.35;50.85;48.13;46.77;67.15;52.25;60.69;65.47;55.82;35.45;29.71;52.23;Anju Das;1;67.3;Meera Bose;9533897383;Moved abroad;Female;Dropout
0;10;12.35;49.76;88.75;1;10;6.68;20.15;54.99;1;8;10.49;54.74;58.76;69.26;27.39;41.65;56.43;61.56;82.9;64.34;49.15;36.64;41.54;41.11;59.83;53.85;30.15;43.46;63.16;55.27;58.53;55.74;74.4;53.54;Neha Nair;1;72.9;Simran Chowdhury;9976189113;Low attendance;Female;Enrolled
0;10;8.34;53.74;13.39;1;10;11.26;46.91;29.53;0;3;8.29;62.14;53.46;51.53;54.6;51.39;68.64;51.85;28.13;74.45;55.56;41.16;31.2;55.94;48.24;73.61;44.81;37.44;63.44;63.88;52.53;60.15;49.43;53.51;Kavya Singh;3;70.4;Kavya Gupta;9605497119;Family responsibilities;Female;Enrolled
0;7;14.5;47.46;70.29;0;10;2.54;80.78;24.41;0;7;9.49;49.39;47.8;65.1;34.13;53.91;41.33;54.43;49.03;51.39;41.75;42.35;54.31;64.16;41.03;36.97;59.2;49.51;62.46;36.41;23.31;42.0;38.5;48.82;Rohit Das;5;89.0;Pooja Khan;9499090969;Academic difficulty;Female;Graduate
0;2;14.96;45.68;52.26;0;5;12.63;52.92;49.64;1;9;14.04;38.07;70.99;46.45;30.33;52.82;37.23;59.98;83.14;38.2;54.99;23.67;56.81;36.71;40.63;33.48;60.98;65.11;50.35;37.03;73.84;38.74;17.57;56.88;Varun Reddy;2;67.4;Nikhil Nair;9668909764;Academic difficulty;Female;Graduate
0;5;15.95;44.28;59.06;0;0;17.61;31.87;41.51;1;4;11.7;73.06;40.12;41.08;57.17;41.34;52.29;26.73;83.21;29.78;45.17;49.51;78.69;30.13;79.76;61.36;56.26;35.23;58.57;39.15;69.0;35.43;48.3;41.67;Varun Thomas;3;61.7;Rahul Singh;9936381727;Health problems;Female;Graduate
1;6;14.97;58.03;68.14;1;6;4.88;65.96;87.58;0;0;10.19;78.43;46.05;29.41;45.42;65.72;37.43;40.99;58.9;50.05;58.77;53.57;57.19;43.52;53.48;36.09;69.33;40.49;66.93;46.5;53.03;42.58;34.76;23.83;Saanvi Singh;3;63.1;Riya Patel;9238948590;Part-time job;Female;Dropout
0;10;10.7;53.18;65.16;0;3;10.22;36.77;28.36;1;4;13.92;70.75;68.99;60.65;59.58;75.46;54.98;59.69;45.19;29.57;39.74;49.86;50.91;78.89;51.22;67.68;43.47;45.32;30.06;38.87;57.9;50.11;64.14;52.72;Karan Reddy;6;62.3;Aarav Khan;9912659064;Failed semester;Male;Graduate
1;4;20.0;48.59;67.45;1;8;10.4;60.64;63.92;1;6;12.83;14.68;50.27;68.46;57.91;56.69;24.17;39.19;56.17;56.16;68.22;47.83;56.09;50.25;35.2;16.16;56.47;52.61;40.73;25.71;59.45;46.01;58.35;77.96;Sai Gupta;7;70.8;Deepak Chowdhury;9428688580;Family responsibilities;Male;Enrolled
1;0;9.2;46.86;71.82;0;3;5.45;79.04;52.04;0;3;11.62;47.03;43.46;65.72;33.97;55.18;44.24;38.57;88.79;56.29;59.2;67.07;28.68;76.28;12.37;38.47;43.11;58.73;53.28;47.5;49.82;35.33;27.54;60.9;Varun Kumar;6;49.3;Varun Dutta;9485742696;COVID-19 related;Male;Graduate
1;8;18.34;38.15;60.39;0;9;10.87;67.86;65.33;0;10;12.84;44.91;64.41;59.7;39.73;30.08;45.67;72.73;67.2;33.32;32.48;69.12;32.97;57.64;40.76;74.26;38.44;67.15;52.77;53.78;20.45;16.96;46.69;53.7;Sunita Sharma;3;83.3;Arjun Joshi;9863548641;Moved abroad;Male;Graduate
1;7;7.65;58.42;58.44;0;3;11.45;61.7;32.39;0;4;10.58;74.72;51.02;51.89;84.59;29.01;61.95;74.96;45.13;62.89;35.27;39.7;55.77;61.98;66.81;73.54;48.99;67.9;44.87;63.53;53.11;56.69;56.35;25.93;Arjun Sharma;1;61.5;Ramesh Gupta;9547509357;Lack of interest;Female;Graduate
0;8;12.41;24.69;62.47;0;4;15.49;54.91;33.18;0;1;17.52;80.56;52.21;57.66;53.03;57.96;48.21;49.48;63.59;85.18;29.0;48.44;32.29;73.88;41.18;28.35;59.57;76.16;59.95;53.07;56.14;71.22;36.89;48.32;Pooja Gupta;5;61.5;Ankit Bose;9852399189;Family responsibilities;Female;Enrolled
1;4;7.33;45.07;66.62;0;0;14.27;59.66;52.2;1;3;14.09;37.99;45.36;52.88;54.16;54.8;47.92;44.34;97.37;63.6;56.2;46.5;43.23;48.04;54.39;21.79;26.46;40.45;53.11;46.41;72.17;27.76;38.73;72.8;Riya Reddy;4;69.6;Anju Iyer;9992815061;Failed semester;Male;Graduate
1;2;15.54;80.77;39.59;0;8;11.6;45.91;20.68;0;1;10.76;63.22;58.11;59.29;44.37;40.16;69.04;42.54;54.41;52.45;71.93;64.57;30.57;32.19;58.68;49.03;43.17;65.23;52.81;50.79;61.7;44.37;73.53;38.18;Ramesh Dutta;6;76.6;Isha Sharma;9113689561;Moved abroad;Male;Enrolled
0;0;17.74;29.34;44.85;1;5;16.57;67.36;47.43;1;6;9.06;64.34;67.75;32.53;31.94;53.38;59.44;45.51;60.19;39.35;18.28;43.64;50.95;45.86;32.62;22.77;42.29;63.46;68.84;67.82;37.76;32.69;57.45;59.53;Varun Iyer;4;82.9;Sakshi Jain;9383602087;Lack of interest;Male;Graduate
1;9;3.94;37.0;49.55;1;1;13.95;61.51;52.16;1;5;13.32;51.27;60.28;54.69;50.99;45.97;51.22;57.27;54.01;55.71;70.14;53.98;40.27;63.25;29.51;33.78;55.04;57.75;31.32;44.26;40.91;42.7;64.15;60.6;Sunita Gupta;2;79.8;Nikhil Verma;9110385578;Family responsibilities;Male;Graduate
0;1;9.82;29.76;71.3;0;0;14.37;39.4;60.79;0;1;11.72;45.69;56.53;38.88;44.84;51.82;42.51;60.04;78.04;38.69;25.02;19.97;47.74;40.05;53.12;51.99;25.95;22.78;54.44;52.03;43.61;25.14;57.07;69.08;Ananya Gupta;7;74.8;Neha Thomas;9391878557;Personal reasons;Female;Enrolled
1;9;8.61;50.67;29.51;0;10;16.23;51.23;23.48;0;7;10.8;56.95;45.0;45.86;31.63;58.5;40.27;17.65;44.43;64.72;44.2;76.07;56.43;55.08;48.07;48.98;46.05;45.47;57.96;35.96;33.86;33.15;80.68;57.96;Pooja Chowdhury;8;78.3;Meera Chowdhury;9828419083;Lack of interest;Male;Dropout
1;0;7.77;59.35;48.25;0;10;12.86;35.35;52.4;1;8;10.3;38.52;61.01;26.93;58.47;60.27;36.81;37.7;46.65;54.23;47.71;56.5;76.44;42.38;24.27;62.39;75.25;55.89;33.68;48.14;33.22;59.64;29.73;45.5;Ayesha Dutta;2;78.7;Varun Mehta;9573185010;Financial issues;Male;Graduate
0;0;12.51;44.5;52.65;0;8;12.09;35.2;59.4;1;7;11.8;35.17;83.61;57.15;47.7;71.23;77.63;47.82;55.21;35.18;47.79;47.01;52.77;54.99;58.4;53.56;31.84;35.92;41.8;45.77;65.76;32.56;44.64;64.3;Deepak Bose;2;62.9;Pooja Das;9617468048;Transfer to another college;Female;Graduate
0;8;13.84;47.91;53.85;0;8;11.09;60.01;26.82;1;6;10.55;54.45;58.01;72.39;44.13;72.19;40.11;69.93;62.26;36.3;54.61;49.23;59.38;46.65;45.39;70.54;48.52;62.4;46.62;75.0;39.82;40.79;72.87;43.33;Nikhil Singh;2;71.4;Anju Dutta;9444277942;Low attendance;Female;Enrolled
1;7;15.57;47.68;22.8;1;1;11.92;51.52;67.51;1;10;18.35;39.73;62.02;61.48;66.1;57.48;20.86;47.67;32.66;46.96;64.7;54.58;67.22;55.13;30.53;12.19;52.23;46.79;35.35;24.49;38.98;47.08;59.99;52.83;Arun Das;2;94.2;Sakshi Thomas;9960347752;Part-time job;Female;Graduate
1;8;7.86;63.22;50.71;0;10;14.78;43.45;66.08;1;5;13.18;39.81;49.82;46.41;57.34;32.3;49.56;55.93;50.5;70.2;61.61;49.89;53.25;54.43;56.05;22.62;45.48;27.73;69.17;49.09;47.1;63.45;56.33;33.07;Aarav Gupta;7;94.3;Pooja Verma;9698214865;Failed semester;Male;Enrolled
1;7;10.66;23.83;39.65;0;1;11.27;48.28;27.77;0;0;16.61;48.47;50.56;56.01;38.18;56.85;44.49;36.55;58.6;72.38;60.87;63.84;42.19;26.04;72.35;80.82;73.14;44.96;32.68;34.01;24.74;48.39;74.09;47.88;Rohit Verma;4;74.1;Nikhil Thomas;9456452891;Failed semester;Female;Enrolled
0;7;17.5;43.94;80.53;0;6;19.97;48.03;41.34;0;4;14.79;44.79;32.65;69.22;68.25;52.33;31.06;31.56;51.61;42.5;44.88;65.33;61.0;70.67;35.14;44.85;61.38;56.72;72.99;56.31;77.72;58.1;65.93;45.15;Rahul Joshi;5;78.6;Karan Roy;9501461715;Disciplinary issues;Male;Graduate
0;6;15.64;74.19;60.94;0;10;11.67;70.66;17.12;0;7;6.31;60.22;50.21;59.08;50.97;58.56;37.78;58.56;64.92;68.31;80.2;53.66;54.11;27.15;42.03;47.1;65.75;40.83;61.95;49.98;47.34;53.73;44.13;43.56;Ankit Reddy;4;75.2;Arjun Nair;9331487470;Lack of interest;Male;Enrolled
1;9;11.01;42.8;42.26;1;8;13.67;59.88;53.48;0;9;15.98;58.63;45.57;43.06;54.69;58.61;70.97;67.87;41.88;48.47;60.07;66.02;64.08;49.04;31.19;35.02;54.09;55.13;33.52;50.67;59.47;32.73;66.57;44.34;Sakshi Chowdhury;3;54.5;Riya Sharma;9669474377;Disciplinary issues;Male;Dropout
0;4;9.87;34.6;43.13;1;5;11.62;44.17;46.76;1;7;13.34;47.43;49.01;24.36;55.88;48.66;74.15;35.91;22.88;59.27;55.2;34.87;27.05;73.06;71.21;12.69;43.13;74.96;42.86;42.64;45.76;33.19;24.43;65.79;Ananya Kumar;2;90.1;Neha Bose;9750860170;Transfer to another college;Female;Graduate
1;8;12.99;63.3;28.23;0;3;8.3;68.2;57.99;0;9;9.53;68.03;68.1;54.04;36.5;43.8;54.3;47.17;64.08;27.05;27.59;52.71;42.63;40.59;23.48;50.29;49.21;59.8;51.03;48.01;67.66;30.31;58.05;24.93;Meera Kumar;3;52.9;Pooja Bose;9851634610;Disciplinary issues;Female;Enrolled
1;1;7.15;61.73;49.02;1;8;11.95;33.4;45.5;1;9;8.95;55.75;35.13;69.95;24.87;37.9;75.16;43.47;30.28;53.29;42.87;37.46;33.56;91.53;46.23;21.12;72.41;59.17;38.5;36.0;60.1;46.3;21.11;76.81;Ramesh Jain;6;64.9;Ayesha Kumar;9862782374;Moved abroad;Male;Dropout
0;0;17.98;69.18;34.98;0;3;16.13;40.23;22.0;1;2;10.3;55.96;43.06;45.39;67.15;51.6;37.35;60.53;52.97;12.18;56.43;55.88;50.3;63.38;39.91;55.05;26.5;56.11;79.3;35.08;38.6;39.35;51.95;34.05;Simran Mehta;5;69.8;Varun Mehta;9967910655;Financial issues;Male;Graduate
